observation,series,Time (h),Conc (ng/mL),time,measurement,measurement_unit
plasma,36mgsim,30.2727367,7335.79492,30.2727367,7335.79492,nM
plasma,36mgsim,104.3650714,4758.429773,104.3650714,4758.429773,nM
plasma,36mgsim,140.594341,4305.668852,140.594341,4305.668852,nM
plasma,36mgsim,176.9013994,4053.301434,176.9013994,4053.301434,nM
plasma,36mgsim,213.2152221,3828.882831,213.2152221,3828.882831,nM
plasma,36mgsim,249.5256626,3610.670039,249.5256626,3610.670039,nM
plasma,36mgsim,285.8530137,3434.320091,285.8530137,3434.320091,nM
plasma,36mgsim,322.1972755,3294.814597,322.1972755,3294.814597,nM
plasma,36mgsim,358.4928347,3083.599265,358.4928347,3083.599265,nM
plasma,36mgsim,394.7661846,2853.491876,394.7661846,2853.491876,nM
plasma,36mgsim,431.1624182,2810.946912,431.1624182,2810.946912,nM
plasma,36mgsim,467.5100621,2701.408755,467.5100621,2701.408755,nM
plasma,36mgsim,503.830649,2560.639109,503.830649,2560.639109,nM
plasma,36mgsim,540.1512359,2427.204929,540.1512359,2427.204929,nM
plasma,36mgsim,576.4819691,2312.633766,576.4819691,2312.633766,nM
plasma,36mgsim,612.829613,2222.514084,612.829613,2222.514084,nM
plasma,36mgsim,649.1501999,2106.699504,649.1501999,2106.699504,nM
plasma,36mgsim,784.5804318,1773.359812,784.5804318,1773.359812,nM
plasma,36mgsim,820.9010187,1680.950534,820.9010187,1680.950534,nM
plasma,36mgsim,857.2182234,1590.616767,857.2182234,1590.616767,nM
plasma,36mgsim,893.5658673,1528.632947,893.5658673,1528.632947,nM
plasma,36mgsim,929.9135111,1469.064537,929.9135111,1469.064537,nM
plasma,36mgsim,966.2307159,1390.117459,966.2307159,1390.117459,nM
plasma,36mgsim,1002.551303,1317.678831,1002.551303,1317.678831,nM
plasma,36mgsim,1038.902329,1268.512283,1038.902329,1268.512283,nM
plasma,36mgsim,1075.24659,1216.984054,1075.24659,1216.984054,nM
plasma,36mgsim,1111.563795,1151.583704,1111.563795,1151.583704,nM
plasma,36mgsim,1147.877618,1087.824122,1147.877618,1087.824122,nM
plasma,36mgsim,1184.228644,1047.234142,1184.228644,1047.234142,nM
plasma,36mgsim,1220.57967,1008.158696,1220.57967,1008.158696,nM
plasma,36mgsim,1256.896875,953.9805567,1256.896875,953.9805567,nM
plasma,36mgsim,1293.217462,904.2688998,1293.217462,904.2688998,nM
plasma,36mgsim,1329.561723,867.5365988,1329.561723,867.5365988,nM
plasma,36mgsim,1365.909367,833.730069,1365.909367,833.730069,nM
plasma,36mgsim,1402.236718,793.0095787,1402.236718,793.0095787,nM
plasma,36mgsim,1438.567451,755.5772098,1438.567451,755.5772098,nM
plasma,36mgsim,1474.89142,717.4379898,1474.89142,717.4379898,nM
plasma,36mgsim,1511.239064,689.4805655,1511.239064,689.4805655,nM
plasma,36mgsim,1547.583326,661.47318,1547.583326,661.47318,nM
plasma,36mgsim,1583.907295,628.0840428,1583.907295,628.0840428,nM
plasma,36mgsim,1620.227882,595.354761,1620.227882,595.354761,nM
plasma,36mgsim,1656.58229,574.1275502,1656.58229,574.1275502,nM
plasma,36mgsim,1692.926552,550.8059188,1692.926552,550.8059188,nM
plasma,36mgsim,1729.240374,520.3095205,1729.240374,520.3095205,nM
plasma,36mgsim,1765.560961,493.1963386,1765.560961,493.1963386,nM
plasma,36mgsim,1801.911987,474.7937044,1801.911987,474.7937044,nM
plasma,36mgsim,1838.259631,456.2917443,1838.259631,456.2917443,nM
plasma,36mgsim,1874.5836,433.2595366,1874.5836,433.2595366,nM
plasma,36mgsim,1910.910951,412.0985621,1910.910951,412.0985621,nM
plasma,36mgsim,1947.245067,393.3226572,1947.245067,393.3226572,nM
plasma,36mgsim,1983.602857,379.9522052,1983.602857,379.9522052,nM
plasma,36mgsim,2008.392951,371.2281927,2008.392951,371.2281927,nM
plasma,36mgsim,723.2220019,1889.053324,723.2220019,1889.053324,nM
plasma,36mgsim,60.3680545,6102.697372,60.3680545,6102.697372,nM
CSF,36mgsim,19.56111759,13.60034756,19.56111759,13.60034756,nM
CSF,36mgsim,54.77033984,16.07738945,54.77033984,16.07738945,nM
CSF,36mgsim,93.10937595,15.48656057,93.10937595,15.48656057,nM
CSF,36mgsim,119.4669137,14.46634171,119.4669137,14.46634171,nM
CSF,36mgsim,172.3017162,13.41608761,172.3017162,13.41608761,nM
CSF,36mgsim,198.6504604,12.47631305,198.6504604,12.47631305,nM
CSF,36mgsim,251.5075849,11.70271395,251.5075849,11.70271395,nM
CSF,36mgsim,279.5949643,11.35199218,279.5949643,11.35199218,nM
CSF,36mgsim,330.7540391,10.4211747,330.7540391,10.4211747,nM
CSF,36mgsim,403.3918308,9.34728254,403.3918308,9.34728254,nM
CSF,36mgsim,436.4524297,9.095207798,436.4524297,9.095207798,nM
CSF,36mgsim,495.8759027,8.289396878,495.8759027,8.289396878,nM
CSF,36mgsim,523.952572,7.997265352,523.952572,7.997265352,nM
CSF,36mgsim,578.4841842,7.573390333,578.4841842,7.573390333,nM
CSF,36mgsim,606.5749457,7.359075913,606.5749457,7.359075913,nM
CSF,36mgsim,661.0282054,6.696628808,661.0282054,6.696628808,nM
CSF,36mgsim,737.3926705,6.01056001,737.3926705,6.01056001,nM
CSF,36mgsim,766.7600414,5.944887106,766.7600414,5.944887106,nM
CSF,36mgsim,829.4848393,5.390390357,829.4848393,5.390390357,nM
CSF,36mgsim,857.5609449,5.198932933,857.5609449,5.198932933,nM
CSF,36mgsim,912.0762102,4.8825914,912.0762102,4.8825914,nM
CSF,36mgsim,940.1089119,4.60629899,940.1089119,4.60629899,nM
CSF,36mgsim,994.6405241,4.36215365,994.6405241,4.36215365,nM
CSF,36mgsim,1024.387719,4.240259714,1024.387719,4.240259714,nM
CSF,36mgsim,1080.499023,3.863135012,1080.499023,3.863135012,nM
CSF,36mgsim,1106.947201,3.778985723,1106.947201,3.778985723,nM
CSF,36mgsim,1163.10054,3.517324177,1163.10054,3.517324177,nM
CSF,36mgsim,1189.538572,3.422988312,1189.538572,3.422988312,nM
CSF,36mgsim,1245.644561,3.110128143,1245.644561,3.110128143,nM
CSF,36mgsim,1273.729686,3.013460321,1273.729686,3.013460321,nM
CSF,36mgsim,1328.262989,2.856196196,1328.262989,2.856196196,nM
CSF,36mgsim,1356.333458,2.746858495,1356.333458,2.746858495,nM
CSF,36mgsim,1410.813775,2.534246289,1410.813775,2.534246289,nM
CSF,36mgsim,1438.893826,2.449146934,1438.893826,2.449146934,nM
CSF,36mgsim,1493.422056,2.315347743,1493.422056,2.315347743,nM
CSF,36mgsim,1521.5162,2.253702661,1521.5162,2.253702661,nM
CSF,36mgsim,1575.969459,2.050829526,1575.969459,2.050829526,nM
CSF,36mgsim,1604.076568,2.009440593,1604.076568,2.009440593,nM
CSF,36mgsim,1658.570977,1.867248297,1658.570977,1.867248297,nM
CSF,36mgsim,1684.99751,1.806565724,1684.99751,1.806565724,nM
CSF,36mgsim,1741.131908,1.66534877,1741.131908,1.66534877,nM
CSF,36mgsim,1769.215906,1.612661602,1769.215906,1.612661602,nM
CSF,36mgsim,1823.713133,1.50069702,1823.713133,1.50069702,nM
CSF,36mgsim,1853.421192,1.429998138,1853.421192,1.429998138,nM
CSF,36mgsim,1906.290975,1.349998827,1906.290975,1.349998827,nM
CSF,36mgsim,1936.017878,1.298793777,1936.017878,1.298793777,nM
CSF,36mgsim,1987.248444,1.23647241,1987.248444,1.23647241,nM
plasma,36mgdata,73.63631742,5221.652192,73.63631742,5221.652192,nM
plasma,36mgdata,383.6866453,1733.526181,383.6866453,1733.526181,nM
plasma,36mgdata,713.5631132,1385.574271,713.5631132,1385.574271,nM
CSF,36mgdata,60.31721824,5.94685051,60.31721824,5.94685051,nM
CSF,36mgdata,373.6210665,10.33802307,373.6210665,10.33802307,nM
CSF,36mgdata,372.6043414,6.162277385,372.6043414,6.162277385,nM
CSF,36mgdata,702.3791368,4.677039345,702.3791368,4.677039345,nM
CSF,36mgdata,706.3952011,3.610116559,706.3952011,3.610116559,nM
BDPlasma,30mg,-2.262738784,4135.505112,-2.262738784,4135.505112,nM
BDPlasma,30mg,0.356453882,2801.966801,0.356453882,2801.966801,nM
BDPlasma,30mg,16.74753057,2216.285147,16.74753057,2216.285147,nM
BDPlasma,30mg,31.95574605,2017.838514,31.95574605,2017.838514,nM
BDPlasma,30mg,48.68478308,1855.096907,48.68478308,1855.096907,nM
BDPlasma,30mg,65.41382011,1764.661911,65.41382011,1764.661911,nM
BDPlasma,30mg,82.14285714,1702.738016,82.14285714,1702.738016,nM
BDPlasma,30mg,98.87189417,1642.820209,98.87189417,1642.820209,nM
BDPlasma,30mg,115.6009312,1601.768059,115.6009312,1601.768059,nM
BDPlasma,30mg,132.3299682,1571.937974,132.3299682,1571.937974,nM
BDPlasma,30mg,149.0590053,1516.589201,149.0590053,1516.589201,nM
BDPlasma,30mg,165.7880423,1502.939962,165.7880423,1502.939962,nM
BDPlasma,30mg,182.5170793,1443.755794,182.5170793,1443.755794,nM
BDPlasma,30mg,199.2461164,1444.591987,199.2461164,1444.591987,nM
BDPlasma,30mg,215.9751534,1376.830641,215.9751534,1376.830641,nM
BDPlasma,30mg,232.7041904,1397.916993,232.7041904,1397.916993,nM
BDPlasma,30mg,249.4332274,1312.307756,249.4332274,1312.307756,nM
BDPlasma,30mg,266.1622645,1337.210935,266.1622645,1337.210935,nM
BDPlasma,30mg,282.8913015,1252.811399,282.8913015,1252.811399,nM
BDPlasma,30mg,299.6203385,1291.324254,299.6203385,1291.324254,nM
BDPlasma,30mg,316.3493756,1199.84557,316.3493756,1199.84557,nM
BDPlasma,30mg,333.0784126,1238.297613,333.0784126,1238.297613,nM
BDPlasma,30mg,349.8074496,1150.958953,349.8074496,1150.958953,nM
BDPlasma,30mg,366.5364867,1192.623068,366.5364867,1192.623068,nM
BDPlasma,30mg,383.2655237,1104.064178,383.2655237,1104.064178,nM
BDPlasma,30mg,399.9945607,1135.36959,399.9945607,1135.36959,nM
BDPlasma,30mg,416.7235978,1057.38702,416.7235978,1057.38702,nM
BDPlasma,30mg,433.4526348,1086.478729,433.4526348,1086.478729,nM
BDPlasma,30mg,450.1816718,1017.555518,450.1816718,1017.555518,nM
BDPlasma,30mg,466.9107088,1037.349245,466.9107088,1037.349245,nM
BDPlasma,30mg,483.6397459,981.1847431,483.6397459,981.1847431,nM
BDPlasma,30mg,500.3687829,986.8260044,500.3687829,986.8260044,nM
BDPlasma,30mg,517.0978199,946.2653603,517.0978199,946.2653603,nM
BDPlasma,30mg,533.826857,947.6529439,533.826857,947.6529439,nM
BDPlasma,30mg,550.555894,909.7460619,550.555894,909.7460619,nM
BDPlasma,30mg,567.284931,902.4975809,567.284931,902.4975809,nM
BDPlasma,30mg,584.0139681,879.5319138,584.0139681,879.5319138,nM
BDPlasma,30mg,600.7430051,861.6301008,600.7430051,861.6301008,nM
BDPlasma,30mg,617.4720421,844.5214851,617.4720421,844.5214851,nM
BDPlasma,30mg,634.2010792,826.0516314,634.2010792,826.0516314,nM
BDPlasma,30mg,650.9301162,811.1209293,650.9301162,811.1209293,nM
BDPlasma,30mg,667.6591532,788.6278014,667.6591532,788.6278014,nM
BDPlasma,30mg,684.3881902,784.9144816,684.3881902,784.9144816,nM
BDPlasma,30mg,701.1172273,753.6655859,701.1172273,753.6655859,nM
BDPlasma,30mg,717.8462643,753.2350699,717.8462643,753.2350699,nM
BDPlasma,30mg,734.5753013,722.5451922,734.5753013,722.5451922,nM
BDPlasma,30mg,751.3043384,728.0571084,751.3043384,728.0571084,nM
BDPlasma,30mg,768.0333754,690.3390334,768.0333754,690.3390334,nM
BDPlasma,30mg,784.7624124,697.8745027,784.7624124,697.8745027,nM
BDPlasma,30mg,801.4914495,660.3603139,801.4914495,660.3603139,nM
BDPlasma,30mg,818.2204865,673.9691483,818.2204865,673.9691483,nM
BDPlasma,30mg,834.9495235,633.7079502,834.9495235,633.7079502,nM
BDPlasma,30mg,851.6785606,648.6241378,851.6785606,648.6241378,nM
BDPlasma,30mg,868.4075976,607.8880962,868.4075976,607.8880962,nM
BDPlasma,30mg,885.1366346,619.6715675,885.1366346,619.6715675,nM
BDPlasma,30mg,901.8656716,584.0539293,901.8656716,584.0539293,nM
BDPlasma,30mg,918.5947087,595.904817,918.5947087,595.904817,nM
BDPlasma,30mg,935.3237457,560.2571832,935.3237457,560.2571832,nM
BDPlasma,30mg,952.0527827,573.1642256,952.0527827,573.1642256,nM
BDPlasma,30mg,968.7818198,541.8547791,968.7818198,541.8547791,nM
BDPlasma,30mg,985.5108568,543.7656938,985.5108568,543.7656938,nM
BDPlasma,30mg,995.3961969,546.5969913,995.3961969,546.5969913,nM
BDCSF,30mg,-10.15839171,2.112741468,-10.15839171,2.112741468,nM
BDCSF,30mg,-2.412106329,5.150240587,-2.412106329,5.150240587,nM
BDCSF,30mg,14.9989816,5.656525908,14.9989816,5.656525908,nM
BDCSF,30mg,31.43807983,5.616319175,31.43807983,5.616319175,nM
BDCSF,30mg,48.54708214,5.406846178,48.54708214,5.406846178,nM
BDCSF,30mg,65.33101514,5.260038139,65.33101514,5.260038139,nM
BDCSF,30mg,82.07096359,5.23133616,82.07096359,5.23133616,nM
BDCSF,30mg,98.91379114,4.941190304,98.91379114,4.941190304,nM
BDCSF,30mg,115.6483178,4.927607056,115.6483178,4.927607056,nM
BDCSF,30mg,132.4884344,4.660638272,132.4884344,4.660638272,nM
BDCSF,30mg,149.180574,4.747673461,149.180574,4.747673461,nM
BDCSF,30mg,166.0481677,4.429006154,166.0481677,4.429006154,nM
BDCSF,30mg,182.6871637,4.633564499,182.6871637,4.633564499,nM
BDCSF,30mg,199.6038346,4.217477116,199.6038346,4.217477116,nM
BDCSF,30mg,216.2637821,4.366152474,216.2637821,4.366152474,nM
BDCSF,30mg,233.143236,4.048940959,233.143236,4.048940959,nM
BDCSF,30mg,249.8590573,4.07586254,249.8590573,4.07586254,nM
BDCSF,30mg,266.6826374,3.887139738,266.6826374,3.887139738,nM
BDCSF,30mg,283.3798793,3.949611917,283.3798793,3.949611917,nM
BDCSF,30mg,301.0260501,3.809111679,301.0260501,3.809111679,nM
BDCSF,30mg,316.8835677,3.860296291,316.8835677,3.860296291,nM
BDCSF,30mg,333.7587293,3.587549881,333.7587293,3.587549881,nM
BDCSF,30mg,351.2843506,3.67553223,351.2843506,3.67553223,nM
BDCSF,30mg,367.2789849,3.477412336,367.2789849,3.477412336,nM
BDCSF,30mg,384.0067972,3.479548658,384.0067972,3.479548658,nM
BDCSF,30mg,400.789123,3.387800296,400.789123,3.387800296,nM
BDCSF,30mg,417.877046,3.296101927,417.877046,3.296101927,nM
BDCSF,30mg,434.3317194,3.2472125,434.3317194,3.2472125,nM
BDCSF,30mg,451.1188474,3.153986195,451.1188474,3.153986195,nM
BDCSF,30mg,467.8703108,3.118716008,467.8703108,3.118716008,nM
BDCSF,30mg,484.6722875,3.006707572,484.6722875,3.006707572,nM
BDCSF,30mg,501.3923688,3.020240603,501.3923688,3.020240603,nM
BDCSF,30mg,518.2248949,2.867503286,518.2248949,2.867503286,nM
BDCSF,30mg,534.9514776,2.871034595,534.9514776,2.871034595,nM
BDCSF,30mg,551.7675494,2.748426845,551.7675494,2.748426845,nM
BDCSF,30mg,568.4562132,2.804636441,568.4562132,2.804636441,nM
BDCSF,30mg,585.3261531,2.613310772,585.3261531,2.613310772,nM
BDCSF,30mg,601.965601,2.733389939,601.965601,2.733389939,nM
BDCSF,30mg,618.87685,2.494708842,618.87685,2.494708842,nM
BDCSF,30mg,635.5497228,2.565967783,635.5497228,2.565967783,nM
BDCSF,30mg,652.4155737,2.395830943,652.4155737,2.395830943,nM
BDCSF,30mg,669.0518976,2.509845806,669.0518976,2.509845806,nM
BDCSF,30mg,685.9617524,2.292286718,685.9617524,2.292286718,nM
BDCSF,30mg,702.6648663,2.322279091,702.6648663,2.322279091,nM
BDCSF,30mg,719.5011538,2.200683804,719.5011538,2.200683804,nM
BDCSF,30mg,736.2304813,2.200363299,736.2304813,2.200363299,nM
BDCSF,30mg,753.0248707,2.129423808,753.0248707,2.129423808,nM
BDCSF,30mg,769.7206216,2.165265139,769.7206216,2.165265139,nM
BDCSF,30mg,786.5752126,2.033144399,786.5752126,2.033144399,nM
BDCSF,30mg,803.2955166,2.042067435,803.2955166,2.042067435,nM
BDCSF,30mg,820.094379,1.971803674,820.094379,1.971803674,nM
BDCSF,30mg,836.8494988,1.946181802,836.8494988,1.946181802,nM
BDCSF,30mg,853.6171922,1.908819758,853.6171922,1.908819758,nM
BDCSF,30mg,870.3610263,1.894708706,870.3610263,1.894708706,nM
BDCSF,30mg,887.1635968,1.826116548,887.1635968,1.826116548,nM
BDCSF,30mg,903.9268107,1.795087129,903.9268107,1.795087129,nM
BDCSF,30mg,920.7075487,1.749146609,920.7075487,1.749146609,nM
BDCSF,30mg,937.4754873,1.71535618,937.4754873,1.71535618,nM
BDCSF,30mg,954.2479183,1.678433244,954.2479183,1.678433244,nM
BDCSF,30mg,971.0036965,1.656076642,971.0036965,1.656076642,nM
BDCSF,30mg,982.3575206,1.700115338,982.3575206,1.700115338,nM
BDCSF,30mg,-9.513805522,3.383855153,-9.513805522,3.383855153,nM
BDBrainISF,30mg,13.36559008,0.678485454,13.36559008,0.678485454,nM
BDBrainISF,30mg,11.07394737,0.470216486,11.07394737,0.470216486,nM
BDBrainISF,30mg,20.69336031,2.101320955,20.69336031,2.101320955,nM
BDBrainISF,30mg,33.27506163,3.661998692,33.27506163,3.661998692,nM
BDBrainISF,30mg,50.09152818,4.460659862,50.09152818,4.460659862,nM
BDBrainISF,30mg,65.53523551,4.647999822,65.53523551,4.647999822,nM
BDBrainISF,30mg,83.58150759,4.793650298,83.58150759,4.793650298,nM
BDBrainISF,30mg,100.2999095,4.679979333,100.2999095,4.679979333,nM
BDBrainISF,30mg,117.0143232,4.52806984,117.0143232,4.52806984,nM
BDBrainISF,30mg,133.7313958,4.40745515,133.7313958,4.40745515,nM
BDBrainISF,30mg,150.4480252,4.285765647,150.4480252,4.285765647,nM
BDBrainISF,30mg,167.1703308,4.221158827,167.1703308,4.221158827,nM
BDBrainISF,30mg,183.881284,4.052373388,183.881284,4.052373388,nM
BDBrainISF,30mg,200.6097513,4.047166869,200.6097513,4.047166869,nM
BDBrainISF,30mg,217.3149859,3.835524466,217.3149859,3.835524466,nM
BDBrainISF,30mg,234.0434426,3.830505357,234.0434426,3.830505357,nM
BDBrainISF,30mg,250.7575504,3.703611334,250.7575504,3.703611334,nM
BDBrainISF,30mg,267.4877691,3.713500189,267.4877691,3.713500189,nM
BDBrainISF,30mg,284.1916955,3.50893218,284.1916955,3.50893218,nM
BDBrainISF,30mg,300.92605,3.551290348,300.92605,3.551290348,nM
BDBrainISF,30mg,317.6307149,3.361255173,317.6307149,3.361255173,nM
BDBrainISF,30mg,334.3691685,3.433441579,334.3691685,3.433441579,nM
BDBrainISF,30mg,351.0653031,3.187757826,351.0653031,3.187757826,nM
BDBrainISF,30mg,367.8107359,3.307906367,367.8107359,3.307906367,nM
BDBrainISF,30mg,384.5105264,3.096646073,384.5105264,3.096646073,nM
BDBrainISF,30mg,401.2493123,3.16552283,401.2493123,3.16552283,nM
BDBrainISF,30mg,417.946444,2.945630106,417.946444,2.945630106,nM
BDBrainISF,30mg,434.6870024,3.023215863,434.6870024,3.023215863,nM
BDBrainISF,30mg,451.3925535,2.867167035,451.3925535,2.867167035,nM
BDBrainISF,30mg,468.1273513,2.904681166,468.1273513,2.904681166,nM
BDBrainISF,30mg,484.831573,2.746499372,484.831573,2.746499372,nM
BDBrainISF,30mg,501.5620379,2.75536292,501.5620379,2.75536292,nM
BDBrainISF,30mg,518.2701494,2.628280701,518.2701494,2.628280701,nM
BDBrainISF,30mg,535.0027314,2.649389946,535.0027314,2.649389946,nM
BDBrainISF,30mg,551.7129354,2.539156837,551.7129354,2.539156837,nM
BDBrainISF,30mg,568.4417509,2.537887655,568.4417509,2.537887655,nM
BDBrainISF,30mg,584.5486112,2.459807933,584.5486112,2.459807933,nM
BDBrainISF,30mg,601.878087,2.416401926,601.878087,2.416401926,nM
BDBrainISF,30mg,618.5944087,2.348054195,618.5944087,2.348054195,nM
BDBrainISF,30mg,635.3153586,2.305593503,635.3153586,2.305593503,nM
BDBrainISF,30mg,652.0359128,2.261880332,652.0359128,2.261880332,nM
BDBrainISF,30mg,668.7557074,2.21519545,668.7557074,2.21519545,nM
BDBrainISF,30mg,685.4794269,2.188773611,685.4794269,2.188773611,nM
BDBrainISF,30mg,702.19517,2.124089574,702.19517,2.124089574,nM
BDBrainISF,30mg,718.9215483,2.111383989,718.9215483,2.111383989,nM
BDBrainISF,30mg,735.6302014,2.016466129,735.6302014,2.016466129,nM
BDBrainISF,30mg,752.3623403,2.030630019,752.3623403,2.030630019,nM
BDBrainISF,30mg,769.0692208,1.931601085,769.0692208,1.931601085,nM
BDBrainISF,30mg,785.8053479,1.962753301,785.8053479,1.962753301,nM
BDBrainISF,30mg,802.5095697,1.855866583,802.5095697,1.855866583,nM
BDBrainISF,30mg,819.2439243,1.878269725,819.2439243,1.878269725,nM
BDBrainISF,30mg,835.9490323,1.779539074,835.9490323,1.779539074,nM
BDBrainISF,30mg,852.6856025,1.810047913,852.6856025,1.810047913,nM
BDBrainISF,30mg,869.3898243,1.711477155,869.3898243,1.711477155,nM
BDBrainISF,30mg,886.1256771,1.738003113,886.1256771,1.738003113,nM
BDBrainISF,30mg,902.8301732,1.644373304,902.8301732,1.644373304,nM
BDBrainISF,30mg,919.5605396,1.64931352,919.5605396,1.64931352,nM
BDBrainISF,30mg,936.1209657,1.588931049,936.1209657,1.588931049,nM
BDBrainISF,30mg,953.0035472,1.594182853,953.0035472,1.594182853,nM
BDBrainISF,30mg,969.2556215,1.521374528,969.2556215,1.521374528,nM
BDBrainISF,30mg,986.4438961,1.531677894,986.4438961,1.531677894,nM
BDBrainISF,30mg,997.8446294,1.513030459,997.8446294,1.513030459,nM
AntibodySerum,36mg,2.645669291,760000,2.645669291,5170.068027,nM
AntibodySerum,36mg,5.291338583,1022222.222,5.291338583,6953.892668,nM
AntibodySerum,36mg,7.937007874,920000,7.937007874,6258.503401,nM
AntibodySerum,36mg,23.81102362,808888.8889,23.81102362,5502.645503,nM
AntibodySerum,36mg,13.22834646,817777.7778,13.22834646,5563.114135,nM
AntibodySerum,36mg,72.75590551,582222.2222,72.75590551,3960.695389,nM
AntibodySerum,36mg,169.3228346,462222.2222,169.3228346,3144.368859,nM
AntibodySerum,36mg,337.3228346,284444.4444,337.3228346,1934.996221,nM
AntibodySerum,36mg,675.9685039,200000,675.9685039,1360.544218,nM
AntibodySerum,36mg,1349.291339,93333.33333,1349.291339,634.9206349,nM
AntibodySerum,18mg,337.3228346,160000,337.3228346,1088.435374,nM
AntibodySerum,18mg,674.6456693,115555.5556,674.6456693,786.0922147,nM
AntibodySerum,18mg,1350.614173,53333.33333,1350.614173,362.8117914,nM
AntibodySerum,18mg,169.3228346,191111.1111,169.3228346,1300.075586,nM
AntibodySerum,18mg,72.75590551,244444.4444,72.75590551,1662.887377,nM
AntibodySerum,18mg,25.13385827,328888.8889,25.13385827,2237.33938,nM
AntibodySerum,18mg,13.22834646,346666.6667,13.22834646,2358.276644,nM
AntibodySerum,6mg,1349.291339,8888.888889,1349.291339,60.4686319,nM
AntibodySerum,6mg,675.9685039,35555.55556,675.9685039,241.8745276,nM
AntibodySerum,6mg,337.3228346,53333.33333,337.3228346,362.8117914,nM
AntibodySerum,6mg,169.3228346,80000,169.3228346,544.2176871,nM
AntibodySerum,6mg,72.75590551,97777.77778,72.75590551,665.1549509,nM
AntibodySerum,6mg,29.1023622,133333.3333,29.1023622,907.0294785,nM
AntibodySerum,6mg,23.81102362,137777.7778,23.81102362,937.2637944,nM
AntibodySerum,6mg,13.22834646,142222.2222,13.22834646,967.4981104,nM
AntibodySerumData,36mg,360,263940.2,360,1795.511565,nM
AntibodySerumData,36mg,360,256774.9,360,1746.768027,nM
AntibodySerumData,36mg,48,732517.2,48,4983.110204,nM
AntibodySerumData,36mg,696,218347.2,696,1485.355102,nM
AntibodySerumData,36mg,696,215238.6,696,1464.208163,nM
AntibodyCSFData,36mg,360,1148.7,360,7.814285714,nM
AntibodyCSFData,36mg,360,1791.1,360,12.18435374,nM
AntibodyCSFData,36mg,48,1037.7,48,7.059183673,nM
AntibodyCSFData,36mg,696,675.9,696,4.597959184,nM
AntibodyCSFData,36mg,696,838.5,696,5.704081633,nM
