observation,series,Time (y),AB42 (pg/ml),time,measurement,time_units,measurement_unit
CSF_AB42,DIAN_noncarrier,31.66234855,769.5340694,31.66234855,0.170477197,year,nM
CSF_AB42,DIAN_noncarrier,32.52408395,777.2920605,32.52408395,0.172195849,year,nM
CSF_AB42,DIAN_noncarrier,33.3858751,784.7997938,33.3858751,0.173859059,year,nM
CSF_AB42,DIAN_noncarrier,34.24761049,792.5577848,34.24761049,0.17557771,year,nM
CSF_AB42,DIAN_noncarrier,35.10940164,800.0655181,35.10940164,0.177240921,year,nM
CSF_AB42,DIAN_noncarrier,35.97113704,807.8235092,35.97113704,0.178959572,year,nM
CSF_AB42,DIAN_noncarrier,36.83287243,815.5815003,36.83287243,0.180678223,year,nM
CSF_AB42,DIAN_noncarrier,37.69460783,823.3394913,37.69460783,0.182396874,year,nM
CSF_AB42,DIAN_noncarrier,38.55634323,831.0974824,38.55634323,0.184115526,year,nM
CSF_AB42,DIAN_noncarrier,39.41819012,838.3549579,39.41819012,0.185723296,year,nM
CSF_AB42,DIAN_noncarrier,40.27992552,846.112949,40.27992552,0.187441947,year,nM
CSF_AB42,DIAN_noncarrier,41.14160517,854.1211978,41.14160517,0.189216039,year,nM
CSF_AB42,DIAN_noncarrier,42.00339631,861.6289311,42.00339631,0.190879249,year,nM
CSF_AB42,DIAN_noncarrier,42.86507596,869.6371799,42.86507596,0.192653341,year,nM
CSF_AB42,DIAN_noncarrier,43.72692286,876.8946554,43.72692286,0.194261111,year,nM
CSF_AB42,DIAN_noncarrier,44.58865825,884.6526465,44.58865825,0.195979762,year,nM
CSF_AB42,DIAN_noncarrier,45.45039365,892.4106376,45.45039365,0.197698413,year,nM
CSF_AB42,DIAN_noncarrier,46.3121848,899.9183709,46.3121848,0.199361624,year,nM
CSF_AB42,DIAN_noncarrier,47.09571464,906.3694602,47.09571464,0.200790753,year,nM
CSF_AB42,DIAN_noncarrier,48.34897337,918.4374463,48.34897337,0.203464211,year,nM
CSF_AB42,DIAN_noncarrier,49.21076452,925.9451796,49.21076452,0.205127421,year,nM
CSF_AB42,DIAN_noncarrier,50.07261142,933.2026551,50.07261142,0.206735192,year,nM
CSF_AB42,DIAN_noncarrier,50.93423531,941.4611617,50.93423531,0.208564723,year,nM
CSF_AB42,DIAN_noncarrier,51.79602646,948.968895,51.79602646,0.210227934,year,nM
CSF_AB42,DIAN_noncarrier,52.65776186,956.7268861,52.65776186,0.211946585,year,nM
CSF_AB42,DIAN_noncarrier,53.51949725,964.4848771,53.51949725,0.213665236,year,nM
CSF_AB42,DIAN_noncarrier,54.3812884,971.9926104,54.3812884,0.215328447,year,nM
CSF_AB42,DIAN_noncarrier,55.2430238,979.7506015,55.2430238,0.217047098,year,nM
CSF_AB42,DIAN_noncarrier,56.10481494,987.2583348,56.10481494,0.218710309,year,nM
CSF_AB42,DIAN_noncarrier,56.96655034,995.0163258,56.96655034,0.22042896,year,nM
CSF_AB42,DIAN_noncarrier,57.74993771,1002.106963,57.74993771,0.22199977,year,nM
CSF_AB42,DIAN_carrier,31.55313333,1259.789053,31.55313333,0.279084859,year,nM
CSF_AB42,DIAN_carrier,32.42083403,1240.769462,32.42083403,0.274871392,year,nM
CSF_AB42,DIAN_carrier,33.28842323,1222.250387,33.28842323,0.270768805,year,nM
CSF_AB42,DIAN_carrier,34.15601243,1203.731311,34.15601243,0.266666219,year,nM
CSF_AB42,DIAN_carrier,35.02365738,1184.961978,35.02365738,0.262508192,year,nM
CSF_AB42,DIAN_carrier,35.89135808,1165.942387,35.89135808,0.258294725,year,nM
CSF_AB42,DIAN_carrier,36.75900303,1147.173054,36.75900303,0.254136698,year,nM
CSF_AB42,DIAN_carrier,37.62659223,1128.653978,37.62659223,0.250034111,year,nM
CSF_AB42,DIAN_carrier,38.49418142,1110.134903,38.49418142,0.245931525,year,nM
CSF_AB42,DIAN_carrier,39.36182637,1091.36557,39.36182637,0.241773498,year,nM
CSF_AB42,DIAN_carrier,40.22952707,1072.345979,40.22952707,0.237560031,year,nM
CSF_AB42,DIAN_carrier,41.09717202,1053.576645,41.09717202,0.233402004,year,nM
CSF_AB42,DIAN_carrier,41.96476122,1035.05757,41.96476122,0.229299417,year,nM
CSF_AB42,DIAN_carrier,42.83235042,1016.538495,42.83235042,0.225196831,year,nM
CSF_AB42,DIAN_carrier,43.69999537,997.7691614,43.69999537,0.221038804,year,nM
CSF_AB42,DIAN_carrier,44.56775182,978.4993126,44.56775182,0.216769896,year,nM
CSF_AB42,DIAN_carrier,45.43522952,960.4807527,45.43522952,0.212778191,year,nM
CSF_AB42,DIAN_carrier,46.30293022,941.4611617,46.30293022,0.208564723,year,nM
CSF_AB42,DIAN_carrier,47.17057517,922.6918285,47.17057517,0.204406697,year,nM
CSF_AB42,DIAN_carrier,48.03822011,903.9224953,48.03822011,0.20024867,year,nM
CSF_AB42,DIAN_carrier,48.90586506,885.1531621,48.90586506,0.196090643,year,nM
CSF_AB42,DIAN_carrier,49.77351001,866.3838288,49.77351001,0.191932616,year,nM
CSF_AB42,DIAN_carrier,50.64121071,847.3642378,50.64121071,0.187719149,year,nM
CSF_AB42,DIAN_carrier,51.50868841,829.345678,51.50868841,0.183727443,year,nM
CSF_AB42,DIAN_carrier,52.37638911,810.326087,52.37638911,0.179513976,year,nM
CSF_AB42,DIAN_carrier,53.24408981,791.306496,53.24408981,0.175300509,year,nM
CSF_AB42,DIAN_carrier,54.11167901,772.7874205,54.11167901,0.171197922,year,nM
CSF_AB42,DIAN_carrier,54.97926821,754.2683451,54.97926821,0.167095336,year,nM
CSF_AB42,DIAN_carrier,55.84685741,735.7492696,55.84685741,0.162992749,year,nM
CSF_AB42,DIAN_carrier,56.71455811,716.7296786,56.71455811,0.158779282,year,nM
CSF_AB42,DIAN_carrier,57.5822588,697.7100876,57.5822588,0.154565815,year,nM
CSF_AB42,DIAN_carrier,58.09468948,687.8249055,58.09468948,0.152375921,year,nM
CSF_AB42,Down_syndrome,31.68855128,651.9129146,31.68855128,0.144420229,year,nM
CSF_AB42,Down_syndrome,32.55363171,644.6554391,32.55363171,0.142812459,year,nM
CSF_AB42,Down_syndrome,33.41882364,636.897448,33.41882364,0.141093808,year,nM
CSF_AB42,Down_syndrome,34.28401556,629.139457,34.28401556,0.139375157,year,nM
CSF_AB42,Down_syndrome,35.14898449,622.382497,35.14898449,0.137878267,year,nM
CSF_AB42,Down_syndrome,36.01417642,614.6245059,36.01417642,0.136159616,year,nM
CSF_AB42,Down_syndrome,36.87931259,607.1167726,36.87931259,0.134496405,year,nM
CSF_AB42,Down_syndrome,37.74439302,599.8592971,37.74439302,0.132888635,year,nM
CSF_AB42,Down_syndrome,38.60958495,592.1013061,38.60958495,0.131169984,year,nM
CSF_AB42,Down_syndrome,39.47472113,584.5935728,39.47472113,0.129506773,year,nM
CSF_AB42,Down_syndrome,40.33980155,577.3360973,40.33980155,0.127899002,year,nM
CSF_AB42,Down_syndrome,41.20499348,569.5781062,41.20499348,0.126180351,year,nM
CSF_AB42,Down_syndrome,42.07007391,562.3206307,42.07007391,0.124572581,year,nM
CSF_AB42,Down_syndrome,42.93515433,555.0631552,42.93515433,0.122964811,year,nM
CSF_AB42,Down_syndrome,43.80034626,547.3051641,43.80034626,0.12124616,year,nM
CSF_AB42,Down_syndrome,44.66542669,540.0476886,44.66542669,0.119638389,year,nM
CSF_AB42,Down_syndrome,45.53061861,532.2896975,45.53061861,0.117919738,year,nM
CSF_AB42,Down_syndrome,46.39581054,524.5317065,46.39581054,0.116201087,year,nM
CSF_AB42,Down_syndrome,47.26077947,517.7747465,47.26077947,0.114704197,year,nM
CSF_AB42,Down_syndrome,48.12597139,510.0167555,48.12597139,0.112985546,year,nM
CSF_AB42,Down_syndrome,48.99110757,502.5090222,48.99110757,0.111322335,year,nM
CSF_AB42,Down_syndrome,49.856188,495.2515467,49.856188,0.109714565,year,nM
CSF_AB42,Down_syndrome,50.72137992,487.4935556,50.72137992,0.107995914,year,nM
CSF_AB42,Down_syndrome,51.5865161,479.9858223,51.5865161,0.106332703,year,nM
CSF_AB42,Down_syndrome,52.45165228,472.478089,52.45165228,0.104669492,year,nM
CSF_AB42,Down_syndrome,53.31678845,464.9703557,53.31678845,0.103006282,year,nM
CSF_AB42,Down_syndrome,54.18186888,457.7128802,54.18186888,0.101398511,year,nM
CSF_AB42,Down_syndrome,55.04694931,450.4554047,55.04694931,0.099790741,year,nM
CSF_AB42,Down_syndrome,55.91214123,442.6974136,55.91214123,0.09807209,year,nM
CSF_AB42,Down_syndrome,56.77722166,435.4399381,56.77722166,0.096464319,year,nM
CSF_AB42,Down_syndrome,57.64241359,427.6819471,57.64241359,0.094745668,year,nM
CSF_AB42,Down_syndrome,58.15386863,422.176276,58.15386863,0.093525981,year,nM
