observation,series,Time,Measurement,time,measurement
LEC-Q2W,Sim,0.162863662,717.6587302,70.16286366,0.158985098
LEC-Q2W,Sim,0.221329084,728.5485009,70.22132908,0.161397541
LEC-Q2W,Sim,0.244069596,733.461039,70.2440696,0.162485831
LEC-Q2W,Sim,0.268536348,739.6810967,70.26853635,0.163863779
LEC-Q2W,Sim,0.293007439,744.8924964,70.29300744,0.165018276
LEC-Q2W,Sim,0.317477806,750.2720058,70.31747781,0.166210015
LEC-Q2W,Sim,0.341946727,755.9877345,70.34194673,0.167476237
LEC-Q2W,Sim,0.366402635,764.7294372,70.36640264,0.169412813
LEC-Q2W,Sim,0.390870111,770.7813853,70.39087011,0.170753519
LEC-Q2W,Sim,0.415335417,777.3376623,70.41533542,0.172205951
LEC-Q2W,Sim,0.439800724,783.8939394,70.43980072,0.173658383
LEC-Q2W,Sim,0.464261693,791.4588745,70.46426169,0.175334266
LEC-Q2W,Sim,0.48871977,799.6962482,70.48871977,0.177159116
LEC-Q2W,Sim,0.513174955,808.6060606,70.51317496,0.179132933
LEC-Q2W,Sim,0.537636647,816.002886,70.53763665,0.180771574
LEC-Q2W,Sim,0.562093278,824.5764791,70.56209328,0.182670908
LEC-Q2W,Sim,0.586548463,833.4862915,70.58654846,0.184644726
LEC-Q2W,Sim,0.611002202,842.7323232,70.6110022,0.186693027
LEC-Q2W,Sim,0.635454496,852.3145743,70.6354545,0.188815812
LEC-Q2W,Sim,0.659906066,862.0649351,70.65990607,0.190975839
LEC-Q2W,Sim,0.684359083,871.4790765,70.68435908,0.193061382
LEC-Q2W,Sim,0.708804147,882.7424242,70.70880415,0.195556585
LEC-Q2W,Sim,0.733254271,892.8290043,70.73325427,0.197791095
LEC-Q2W,Sim,0.757692829,905.6053391,70.75769283,0.200621475
LEC-Q2W,Sim,0.782136447,917.2049062,70.78213645,0.203191162
LEC-Q2W,Sim,0.806581511,928.468254,70.80658151,0.205686366
LEC-Q2W,Sim,0.831021514,940.9083694,70.83102151,0.208442262
LEC-Q2W,Sim,0.855460794,953.5165945,70.85546079,0.2112354
LEC-Q2W,Sim,0.87989646,966.965368,70.87989646,0.214214747
LEC-Q2W,Sim,0.904325619,981.9271284,70.90432562,0.217529271
LEC-Q2W,Sim,0.928753332,997.2251082,70.92875333,0.220918278
LEC-Q2W,Sim,0.953183214,1012.018759,70.95318321,0.22419556
LEC-Q2W,Sim,0.977609482,1027.652958,70.97760948,0.227659051
LEC-Q2W,Sim,1.002032857,1043.959596,71.00203286,0.23127151
LEC-Q2W,Sim,1.050872379,1078.253968,71.05087238,0.238868845
LEC-Q2W,Sim,1.075293585,1095.064935,71.07529359,0.242593029
LEC-Q2W,Sim,1.099701056,1115.069986,71.09970106,0.247024809
LEC-Q2W,Sim,1.12411431,1133.730159,71.12411431,0.251158653
LEC-Q2W,Sim,1.148526119,1152.726551,71.14852612,0.255366981
LEC-Q2W,Sim,1.17292636,1174.412698,71.17292636,0.260171178
LEC-Q2W,Sim,1.197328047,1195.762626,71.19732805,0.264900892
LEC-Q2W,Sim,1.221731903,1216.608225,71.2217319,0.26951888
LEC-Q2W,Sim,1.246122023,1240.647908,71.24612202,0.274844463
LEC-Q2W,Sim,1.270515757,1263.847042,71.27051576,0.279983837
LEC-Q2W,Sim,1.294905154,1288.054834,71.29490515,0.285346662
LEC-Q2W,Sim,1.319288044,1313.775613,71.31928804,0.291044664
LEC-Q2W,Sim,1.343673104,1338.992063,71.3436731,0.29663094
LEC-Q2W,Sim,1.368048765,1366.393939,71.36804877,0.30270136
LEC-Q2W,Sim,1.392420811,1394.636364,71.39242081,0.308957989
LEC-Q2W,Sim,1.416792134,1423.046898,71.41679213,0.31525186
LEC-Q2W,Sim,1.441155505,1453.306638,71.44115551,0.321955392
LEC-Q2W,Sim,1.465520321,1483.230159,71.46552032,0.328584439
LEC-Q2W,Sim,1.489875017,1515.507215,71.48987502,0.335734873
LEC-Q2W,Sim,1.504256635,1536.857143,71.50425664,0.340464586
LEC-Q2W,Sim,0.125966579,708.5714286,70.12596658,0.15697196
LEC-Q2W,Sim,0.064089122,697.1428571,70.06408912,0.154440154
LEC-Q2W,Sim,0.005627457,691.4285714,70.00562746,0.153174252
LEC-Q2W,Data,0.005676606,680,70.00567661,0.150642446
LEC-Q2W,Data,1.032921035,1011.428571,71.03292104,0.224064814
LEC-Q2W,Data,1.499705111,1268.571429,71.49970511,0.281030445
LEC-Q4W,Sim,0.159571353,706.5634921,70.15957135,0.156527136
LEC-Q4W,Sim,0.221876517,716.3138528,70.22187652,0.158687163
LEC-Q4W,Sim,0.239684189,717.6587302,70.23968419,0.158985098
LEC-Q4W,Sim,0.275277845,725.3917749,70.27527785,0.160698222
LEC-Q4W,Sim,0.299756888,728.7539683,70.29975689,0.161443059
LEC-Q4W,Sim,0.326456106,733.6291486,70.32645611,0.162523072
LEC-Q4W,Sim,0.350930087,738.1681097,70.35093009,0.163528602
LEC-Q4W,Sim,0.374667947,741.287478,70.37466795,0.164219645
LEC-Q4W,Sim,0.399875882,747.7503608,70.39987588,0.165651387
LEC-Q4W,Sim,0.424354925,751.1125541,70.42435493,0.166396224
LEC-Q4W,Sim,0.448825292,756.4920635,70.44882529,0.167587963
LEC-Q4W,Sim,0.473299274,761.0310245,70.47329927,0.168593492
LEC-Q4W,Sim,0.497767472,766.9148629,70.49776747,0.169896957
LEC-Q4W,Sim,0.522243623,770.9494949,70.52224362,0.170790761
LEC-Q4W,Sim,0.54672122,774.6479076,70.54672122,0.171610081
LEC-Q4W,Sim,0.569953256,780.3262787,70.56995326,0.172868028
LEC-Q4W,Sim,0.595655448,786.9199134,70.59565545,0.174328736
LEC-Q4W,Sim,0.620135213,790.1139971,70.62013521,0.175036331
LEC-Q4W,Sim,0.644599797,796.8383838,70.6445998,0.176526004
LEC-Q4W,Sim,0.669065103,803.3946609,70.6690651,0.177978436
LEC-Q4W,Sim,0.693539085,807.9336219,70.69353909,0.178983966
LEC-Q4W,Sim,0.717997162,816.1709957,70.71799716,0.180808816
LEC-Q4W,Sim,0.740244061,820.803351,70.74024406,0.181835036
LEC-Q4W,Sim,0.766937174,827.0981241,70.76693717,0.183229536
LEC-Q4W,Sim,0.791395974,835.1673882,70.79139597,0.185017144
LEC-Q4W,Sim,0.812530927,839.4751984,70.81253093,0.185971466
LEC-Q4W,Sim,0.84256339,845.9264069,70.84256339,0.187400622
LEC-Q4W,Sim,0.867018575,854.8362193,70.86701858,0.189374439
LEC-Q4W,Sim,0.891262226,861.1571429,70.89126223,0.190774733
LEC-Q4W,Sim,0.915950634,867.6125541,70.91595063,0.192204819
LEC-Q4W,Sim,0.940412326,875.0093795,70.94041233,0.19384346
LEC-Q4W,Sim,0.96486968,883.4148629,70.96486968,0.195705552
LEC-Q4W,Sim,0.988448145,889.0801587,70.98844815,0.196960602
LEC-Q4W,Sim,1.014704039,902.1170635,71.01470404,0.199848707
LEC-Q4W,Sim,1.036161963,908.9899471,71.03616196,0.201371278
LEC-Q4W,Sim,1.062721508,911.8253968,71.06272151,0.201999423
LEC-Q4W,Sim,1.086932256,920.0440917,71.08693226,0.203820136
LEC-Q4W,Sim,1.111631155,929.8131313,71.11163116,0.2059843
LEC-Q4W,Sim,1.136095739,936.537518,71.13609574,0.207473974
LEC-Q4W,Sim,1.162770377,947.1284271,71.16277038,0.20982021
LEC-Q4W,Sim,1.187225562,956.0382395,71.18722556,0.211794027
LEC-Q4W,Sim,1.211689422,962.9307359,71.21168942,0.213320943
LEC-Q4W,Sim,1.236143162,972.1767677,71.23614316,0.215369244
LEC-Q4W,Sim,1.260593286,982.2633478,71.26059329,0.217603754
LEC-Q4W,Sim,1.285051363,990.5007215,71.28505136,0.219428605
LEC-Q4W,Sim,1.309510163,998.5699856,71.30951016,0.221216213
LEC-Q4W,Sim,1.333957396,1009.329004,71.3339574,0.223599691
LEC-Q4W,Sim,1.358411859,1018.406926,71.35841186,0.22561075
LEC-Q4W,Sim,1.382866321,1027.484848,71.38286632,0.227621809
LEC-Q4W,Sim,1.407308493,1039.420635,71.40730849,0.23026598
LEC-Q4W,Sim,1.431765847,1047.826118,71.43176585,0.232128072
LEC-Q4W,Sim,1.456217418,1057.576479,71.45621742,0.234288099
LEC-Q4W,Sim,1.480660313,1069.344156,71.48066031,0.236895028
LEC-Q4W,Sim,1.498443405,1076.404762,71.49844341,0.238459185
LEC-Q4W,Sim,0.005652031,685.7142857,70.00565203,0.151908349
LEC-Q4W,Sim,0.064113696,691.4285714,70.0641137,0.153174252
LEC-Q4W,Sim,0.11225426,697.1428571,70.11225426,0.154440154
LEC-Q4W,Data,0.002236239,680,70.00223624,0.150642446
LEC-Q4W,Data,1.029898427,914.2857143,71.02989843,0.202544465
LEC-Q4W,Data,1.497788336,914.2857143,71.49778834,0.202544465
Placebo,Sim,0.059453082,687.3989899,70.05945308,0.152281566
Placebo,Sim,0.083952367,686.0541126,70.08395237,0.151983632
Placebo,Sim,0.10844876,685.3816739,70.10844876,0.151834664
Placebo,Sim,0.13293937,686.0541126,70.13293937,0.151983632
Placebo,Sim,0.157427811,687.2308802,70.15742781,0.152244324
Placebo,Sim,0.181917697,688.0714286,70.1819177,0.152430534
Placebo,Sim,0.206411199,688.0714286,70.2064112,0.152430534
Placebo,Sim,0.2309047,688.0714286,70.2309047,0.152430534
Placebo,Sim,0.255398202,688.0714286,70.2553982,0.152430534
Placebo,Sim,0.279891704,688.0714286,70.2798917,0.152430534
Placebo,Sim,0.304385205,688.0714286,70.30438521,0.152430534
Placebo,Sim,0.328878707,688.0714286,70.32887871,0.152430534
Placebo,Sim,0.353372208,688.0714286,70.35337221,0.152430534
Placebo,Sim,0.37786571,688.0714286,70.37786571,0.152430534
Placebo,Sim,0.402359211,688.0714286,70.40235921,0.152430534
Placebo,Sim,0.426852713,688.0714286,70.42685271,0.152430534
Placebo,Sim,0.451346214,688.0714286,70.45134621,0.152430534
Placebo,Sim,0.475839716,688.0714286,70.47583972,0.152430534
Placebo,Sim,0.500333217,688.0714286,70.50033322,0.152430534
Placebo,Sim,0.524826719,688.0714286,70.52482672,0.152430534
Placebo,Sim,0.54932022,688.0714286,70.54932022,0.152430534
Placebo,Sim,0.573813722,688.0714286,70.57381372,0.152430534
Placebo,Sim,0.598307223,688.0714286,70.59830722,0.152430534
Placebo,Sim,0.622800725,688.0714286,70.62280073,0.152430534
Placebo,Sim,0.647294226,688.0714286,70.64729423,0.152430534
Placebo,Sim,0.671787728,688.0714286,70.67178773,0.152430534
Placebo,Sim,0.69628123,688.0714286,70.69628123,0.152430534
Placebo,Sim,0.720774731,688.0714286,70.72077473,0.152430534
Placebo,Sim,0.745268233,688.0714286,70.74526823,0.152430534
Placebo,Sim,0.769761734,688.0714286,70.76976173,0.152430534
Placebo,Sim,0.794255236,688.0714286,70.79425524,0.152430534
Placebo,Sim,0.818760304,685.3816739,70.8187603,0.151834664
Placebo,Sim,0.843258144,684.3730159,70.84325814,0.151611213
Placebo,Sim,0.867751645,684.3730159,70.86775165,0.151611213
Placebo,Sim,0.892245147,684.3730159,70.89224515,0.151611213
Placebo,Sim,0.916738648,684.3730159,70.91673865,0.151611213
Placebo,Sim,0.94123215,684.3730159,70.94123215,0.151611213
Placebo,Sim,0.965725651,684.3730159,70.96572565,0.151611213
Placebo,Sim,0.990219153,684.3730159,70.99021915,0.151611213
Placebo,Sim,1.014712654,684.3730159,71.01471265,0.151611213
Placebo,Sim,1.039206156,684.3730159,71.03920616,0.151611213
Placebo,Sim,1.063699657,684.3730159,71.06369966,0.151611213
Placebo,Sim,1.088193159,684.3730159,71.08819316,0.151611213
Placebo,Sim,1.11268666,684.3730159,71.11268666,0.151611213
Placebo,Sim,1.137180162,684.3730159,71.13718016,0.151611213
Placebo,Sim,1.161673663,684.3730159,71.16167366,0.151611213
Placebo,Sim,1.186167165,684.3730159,71.18616717,0.151611213
Placebo,Sim,1.210660667,684.3730159,71.21066067,0.151611213
Placebo,Sim,1.235154168,684.3730159,71.23515417,0.151611213
Placebo,Sim,1.25964767,684.3730159,71.25964767,0.151611213
Placebo,Sim,1.284141171,684.3730159,71.28414117,0.151611213
Placebo,Sim,1.308634673,684.3730159,71.30863467,0.151611213
Placebo,Sim,1.333128174,684.3730159,71.33312817,0.151611213
Placebo,Sim,1.357621676,684.3730159,71.35762168,0.151611213
Placebo,Sim,1.382115177,684.3730159,71.38211518,0.151611213
Placebo,Sim,1.406608679,684.3730159,71.40660868,0.151611213
Placebo,Sim,1.43110218,684.3730159,71.43110218,0.151611213
Placebo,Sim,1.455599538,683.476431,71.45559954,0.15141259
Placebo,Sim,1.480090629,684.0367965,71.48009063,0.151536729
Placebo,Sim,1.501241668,684.6041667,71.50124167,0.151662421
Placebo,Sim,0.002211664,685.7142857,70.00221166,0.151908349
Placebo,Sim,0.033174967,685.7142857,70.03317497,0.151908349
Placebo,Data,0.016169725,640,70.01616973,0.141781125
Placebo,Data,1.031397444,565.7142857,71.03139744,0.125324388
Placebo,Data,1.468225754,588.5714286,71.46822575,0.130387999
