observation,series,Time,measurement,Units,time
proto,Crenezumab,0.126128307,69568.13059,[nM],70.12612831
proto,Crenezumab,0.29592344,66912.13752,[nM],70.29592344
proto,Crenezumab,0.379224309,65734.68895,[nM],70.37922431
proto,Crenezumab,0.464854485,64544.41413,[nM],70.46485449
proto,Crenezumab,0.550387277,63669.66476,[nM],70.55038728
proto,Crenezumab,0.635842083,63047.59225,[nM],70.63584208
proto,Crenezumab,0.727015005,62734.15108,[nM],70.72701501
proto,Crenezumab,0.806531985,62515.30341,[nM],70.80653199
proto,Crenezumab,0.891822504,62425.51975,[nM],70.8918225
proto,Crenezumab,0.977101146,62374.2148,[nM],70.97710115
proto,Crenezumab,1.04691422,62203.80908,[nM],71.04691422
proto,Crenezumab,1.147640617,62329.32297,[nM],71.14764062
proto,Crenezumab,1.232944991,62194.64748,[nM],71.23294499
proto,Crenezumab,1.318223634,62143.34253,[nM],71.31822363
proto,Crenezumab,1.403488421,62136.92941,[nM],71.40348842
proto,Crenezumab,1.488788836,62015.08016,[nM],71.48878884
proto,Crenezumab,1.574055603,62002.25392,[nM],71.5740556
proto,Crenezumab,1.659322369,61989.42768,[nM],71.65932237
proto,Crenezumab,1.744610909,61906.05714,[nM],71.74461091
proto,Crenezumab,1.829887572,61861.16531,[nM],71.82988757
proto,Crenezumab,1.91515038,61861.16531,[nM],71.91515038
proto,Crenezumab,2.000446836,61752.14229,[nM],72.00044684
proto,Crenezumab,2.085719541,61720.0767,[nM],72.08571954
proto,Crenezumab,2.170992245,61688.01111,[nM],72.17099225
proto,Crenezumab,2.256272867,61630.29304,[nM],72.25627287
proto,Crenezumab,2.34155151,61578.98809,[nM],72.34155151
proto,Crenezumab,2.426814318,61578.98809,[nM],72.42681432
proto,Crenezumab,2.512110774,61469.96507,[nM],72.51211077
proto,Crenezumab,2.597383479,61437.89948,[nM],72.59738348
proto,Crenezumab,2.682648266,61431.48636,[nM],72.68264827
proto,Crenezumab,2.767936805,61348.11582,[nM],72.76793681
proto,Crenezumab,2.853215448,61296.81087,[nM],72.85321545
proto,Crenezumab,2.938478256,61296.81087,[nM],72.93847826
proto,Crenezumab,3.023758878,61239.09281,[nM],73.02375888
proto,Crenezumab,3.109047417,61155.72226,[nM],73.10904742
proto,Crenezumab,3.194310225,61155.72226,[nM],73.19431023
proto,Crenezumab,3.279598764,61072.35172,[nM],73.27959876
proto,Crenezumab,3.364879386,61014.63365,[nM],73.36487939
proto,Crenezumab,3.450142194,61014.63365,[nM],73.45014219
proto,Crenezumab,3.535414898,60982.56806,[nM],73.5354149
proto,Crenezumab,3.620707396,60886.37128,[nM],73.6207074
proto,Crenezumab,3.705974163,60873.54504,[nM],73.70597416
proto,Crenezumab,3.791248847,60835.06633,[nM],73.79124885
proto,Crenezumab,3.876543324,60732.45644,[nM],73.87654332
proto,Crenezumab,3.954057387,60724.61818,[nM],73.95405739
proto,Lecanemab,0.041064721,68922.65021,[nM],70.04106472
proto,Lecanemab,0.103620537,67151.98816,[nM],70.10362054
proto,Lecanemab,0.150631929,65517.71177,[nM],70.15063193
proto,Lecanemab,0.197621548,63953.97968,[nM],70.19762155
proto,Lecanemab,0.248497636,62354.97544,[nM],70.24849764
proto,Lecanemab,0.303278337,60661.91213,[nM],70.30327834
proto,Lecanemab,0.358027934,59069.6264,[nM],70.35802793
proto,Lecanemab,0.412752647,57557.96273,[nM],70.41275265
proto,Lecanemab,0.467468029,56076.53233,[nM],70.46746803
proto,Lecanemab,0.526072601,54551.01174,[nM],70.5260726
proto,Lecanemab,0.592449506,52956.90641,[nM],70.59244951
proto,Lecanemab,0.662720439,51303.03438,[nM],70.66272044
proto,Lecanemab,0.732964761,49735.38317,[nM],70.73296476
proto,Lecanemab,0.803192149,48222.59974,[nM],70.80319215
proto,Lecanemab,0.877302134,46687.08538,[nM],70.87730213
proto,Lecanemab,0.955292782,45135.11068,[nM],70.95529278
proto,Lecanemab,1.033274721,43611.3537,[nM],71.03327472
proto,Lecanemab,1.11512571,42108.76001,[nM],71.11512571
proto,Lecanemab,1.200867522,40556.78531,[nM],71.20086752
proto,Lecanemab,1.286601417,39030.46308,[nM],71.28660142
proto,Lecanemab,1.372305621,37600.33763,[nM],71.37230562
proto,Lecanemab,1.458003888,36189.45154,[nM],71.45800389
proto,Lecanemab,1.543577455,35182.59192,[nM],71.54357746
proto,Lecanemab,1.6288462,35163.35256,[nM],71.6288462
proto,Lecanemab,1.714006082,35496.83473,[nM],71.71400608
proto,Lecanemab,1.799167942,35823.90378,[nM],71.79916794
proto,Lecanemab,1.884327823,36157.38594,[nM],71.88432782
proto,Lecanemab,1.969487704,36490.86811,[nM],71.9694877
proto,Lecanemab,2.054645606,36830.7634,[nM],72.05464561
proto,Lecanemab,2.13979559,37196.31116,[nM],72.13979559
proto,Lecanemab,2.224953492,37536.20644,[nM],72.22495349
proto,Lecanemab,2.310101497,37908.16732,[nM],72.3101015
proto,Lecanemab,2.395247523,38286.54132,[nM],72.39524752
proto,Lecanemab,2.480393548,38664.91532,[nM],72.48039355
proto,Lecanemab,2.565531657,39068.94179,[nM],72.56553166
proto,Lecanemab,2.650671744,39466.55514,[nM],72.65067174
proto,Lecanemab,2.735809852,39870.58162,[nM],72.73580985
proto,Lecanemab,2.820945981,40281.02121,[nM],72.82094598
proto,Lecanemab,2.906084089,40685.04768,[nM],72.90608409
proto,Lecanemab,2.991220218,41095.48727,[nM],72.99122022
proto,Lecanemab,3.076354368,41512.33998,[nM],73.07635437
proto,Lecanemab,3.161482579,41948.43204,[nM],73.16148258
proto,Lecanemab,3.246614749,42371.69787,[nM],73.24661475
proto,Lecanemab,3.331746919,42794.9637,[nM],73.33174692
proto,Lecanemab,3.416883048,43205.40329,[nM],73.41688305
proto,Lecanemab,3.502023136,43603.01664,[nM],73.50202314
proto,Lecanemab,3.587155306,44026.28247,[nM],73.58715531
proto,Lecanemab,3.672295393,44423.89582,[nM],73.67229539
proto,Lecanemab,3.757431522,44834.33541,[nM],73.75743152
proto,Lecanemab,3.84257161,45231.94877,[nM],73.84257161
proto,Lecanemab,3.927713677,45623.149,[nM],73.92771368
proto,Lecanemab,3.985778132,45847.60815,[nM],73.98577813
proto,Solanezumab,0.222981738,69685.17001,[nM],70.22298174
proto,Solanezumab,0.308351431,69338.8616,[nM],70.30835143
proto,Solanezumab,0.393729041,68966.90072,[nM],70.39372904
proto,Solanezumab,0.479108631,68588.52673,[nM],70.47910863
proto,Solanezumab,0.564486241,68216.56585,[nM],70.56448624
proto,Solanezumab,0.649857914,67863.84432,[nM],70.64985791
proto,Solanezumab,0.735229586,67511.1228,[nM],70.73522959
proto,Solanezumab,0.820595321,67177.64063,[nM],70.82059532
proto,Solanezumab,0.905951158,66876.22406,[nM],70.90595116
proto,Solanezumab,0.991308975,66568.39437,[nM],70.99130898
proto,Solanezumab,1.076660854,66279.80403,[nM],71.07666085
proto,Solanezumab,1.162014712,65984.80057,[nM],71.16201471
proto,Solanezumab,1.247362632,65709.03647,[nM],71.24736263
proto,Solanezumab,1.332706593,65446.09861,[nM],71.33270659
proto,Solanezumab,1.418048575,65189.57387,[nM],71.41804858
proto,Solanezumab,1.503390557,64933.04912,[nM],71.50339056
proto,Solanezumab,1.588726601,64695.76373,[nM],71.5887266
proto,Solanezumab,1.674060666,64464.89146,[nM],71.67406067
proto,Solanezumab,1.759384834,64266.08479,[nM],71.75938483
proto,Solanezumab,1.844703064,64086.51747,[nM],71.84470306
proto,Solanezumab,1.930013376,63932.60262,[nM],71.93001338
proto,Solanezumab,2.015319729,63791.51401,[nM],72.01531973
proto,Solanezumab,2.100618166,63676.07787,[nM],72.10061817
proto,Solanezumab,2.185906705,63592.70733,[nM],72.18590671
proto,Solanezumab,2.271197224,63502.92367,[nM],72.27119722
proto,Solanezumab,2.356473887,63458.03184,[nM],72.35647389
proto,Solanezumab,2.44175055,63413.14001,[nM],72.44175055
proto,Solanezumab,2.527029193,63361.83506,[nM],72.52702919
proto,Solanezumab,2.612297938,63342.59571,[nM],72.61229794
proto,Solanezumab,2.697560746,63342.59571,[nM],72.69756075
proto,Solanezumab,2.782823554,63342.59571,[nM],72.78282355
proto,Solanezumab,2.868086362,63342.59571,[nM],72.86808636
proto,Solanezumab,2.953349169,63342.59571,[nM],72.95334917
proto,Solanezumab,3.03860208,63374.6613,[nM],73.03860208
proto,Solanezumab,3.123853012,63413.14001,[nM],73.12385301
proto,Solanezumab,3.209103943,63451.61872,[nM],73.20910394
proto,Solanezumab,3.294356854,63483.68432,[nM],73.29435685
proto,Solanezumab,3.379611745,63509.33679,[nM],73.37961175
proto,Solanezumab,3.464858717,63560.64174,[nM],73.46485872
proto,Solanezumab,3.550101732,63624.77293,[nM],73.55010173
proto,Solanezumab,3.635354643,63656.83852,[nM],73.63535464
proto,Solanezumab,3.720597657,63720.96971,[nM],73.72059766
proto,Solanezumab,3.805846609,63765.86154,[nM],73.80584661
proto,Solanezumab,3.891095561,63810.75337,[nM],73.89109556
proto,Solanezumab,3.960832571,63886.79463,[nM],73.96083257
proto,Solanezumab,-0.00306908,70000,[nM],69.99693092
proto,Solanezumab,0.108042031,70000,[nM],70.10804203
proto,Solanezumab,0.182168123,69831.46067,[nM],70.18216812
proto,Gantenerumab,0.277766397,67979.28046,[nM],70.2777664
proto,Gantenerumab,0.363262769,67222.53246,[nM],70.36326277
proto,Gantenerumab,0.44873143,66555.56813,[nM],70.44873143
proto,Gantenerumab,0.53420207,65882.19067,[nM],70.53420207
proto,Gantenerumab,0.619652917,65272.94441,[nM],70.61965292
proto,Gantenerumab,0.705097826,64682.9375,[nM],70.70509783
proto,Gantenerumab,0.790534817,64118.58306,[nM],70.79053482
proto,Gantenerumab,0.875969829,63560.64174,[nM],70.87596983
proto,Gantenerumab,0.961392964,63041.17913,[nM],70.96139296
proto,Gantenerumab,1.046814121,62528.12964,[nM],71.04681412
proto,Gantenerumab,1.132233298,62021.49327,[nM],71.1322333
proto,Gantenerumab,1.217640598,61553.33562,[nM],71.2176406
proto,Gantenerumab,1.30304592,61091.59108,[nM],71.30304592
proto,Gantenerumab,1.388445303,60649.08589,[nM],71.3884453
proto,Gantenerumab,1.473846666,60200.16759,[nM],71.47384667
proto,Gantenerumab,1.559224276,59828.20671,[nM],71.55922428
proto,Gantenerumab,1.644576155,59539.61638,[nM],71.64457616
proto,Gantenerumab,1.729912199,59302.33099,[nM],71.7299122
proto,Gantenerumab,1.815248243,59065.0456,[nM],71.81524824
proto,Gantenerumab,1.900570432,58872.65204,[nM],71.90057043
proto,Gantenerumab,1.985888661,58693.08472,[nM],71.98588866
proto,Gantenerumab,2.071196994,58545.58299,[nM],72.07119699
proto,Gantenerumab,2.156493451,58436.55998,[nM],72.15649345
proto,Gantenerumab,2.241778032,58366.01567,[nM],72.24177803
proto,Gantenerumab,2.327062612,58295.47137,[nM],72.32706261
proto,Gantenerumab,2.412335317,58263.40577,[nM],72.41233532
proto,Gantenerumab,2.497598125,58263.40577,[nM],72.49759813
proto,Gantenerumab,2.582860932,58263.40577,[nM],72.58286093
proto,Gantenerumab,2.668117802,58282.64513,[nM],72.6681178
proto,Gantenerumab,2.753364775,58333.95008,[nM],72.75336478
proto,Gantenerumab,2.83860581,58404.49438,[nM],72.83860581
proto,Gantenerumab,2.923854762,58449.38621,[nM],72.92385476
proto,Gantenerumab,3.009087879,58545.58299,[nM],73.00908788
proto,Gantenerumab,3.094344749,58564.82235,[nM],73.09434475
proto,Gantenerumab,3.179569949,58686.6716,[nM],73.17956995
proto,Gantenerumab,3.264805045,58776.45526,[nM],73.26480505
proto,Gantenerumab,3.35004806,58840.58645,[nM],73.35004806
proto,Gantenerumab,3.43527128,58968.84882,[nM],73.43527128
proto,Gantenerumab,3.52049648,59090.69807,[nM],73.52049648
proto,Gantenerumab,3.605735536,59167.6555,[nM],73.60573554
proto,Gantenerumab,3.690962715,59283.09163,[nM],73.69096272
proto,Gantenerumab,3.776191873,59392.11465,[nM],73.77619187
proto,Gantenerumab,3.861415094,59520.37702,[nM],73.86141509
proto,Gantenerumab,3.946638315,59648.63939,[nM],73.94663832
proto,Gantenerumab,3.993159156,59603.74756,[nM],73.99315916
proto,Gantenerumab,-0.01232834,70000,[nM],69.98767166
proto,Gantenerumab,0.043227216,70000,[nM],70.04322722
proto,Gantenerumab,0.182480233,68820.22472,[nM],70.18248023
proto,Gantenerumab,0.228880566,68483.14607,[nM],70.22888057
proto,Aducanemab,0.02259412,69570.65003,[nM],70.02259412
proto,Aducanemab,0.103302108,68183.69861,[nM],70.10330211
proto,Aducanemab,0.169674779,66603.31023,[nM],70.16967478
proto,Aducanemab,0.236038075,65053.2951,[nM],70.23603808
proto,Aducanemab,0.302397743,63515.03734,[nM],70.30239774
proto,Aducanemab,0.376531195,61903.49189,[nM],70.3765312
proto,Aducanemab,0.454539261,60295.08175,[nM],70.45453926
proto,Aducanemab,0.5325212,58771.32477,[nM],70.5325212
proto,Aducanemab,0.614348239,57346.32981,[nM],70.61434824
proto,Aducanemab,0.700050464,55922.61748,[nM],70.70005046
proto,Aducanemab,0.785722998,54595.10193,[nM],70.785723
proto,Aducanemab,0.871361884,53376.6094,[nM],70.87136188
proto,Aducanemab,0.956975038,52241.4874,[nM],70.95697504
proto,Aducanemab,1.04256444,51183.32283,[nM],71.04256444
proto,Aducanemab,1.128147903,50144.39762,[nM],71.1281479
proto,Aducanemab,1.213717512,49150.36424,[nM],71.21371751
proto,Aducanemab,1.299259409,48246.11451,[nM],71.29925941
proto,Aducanemab,1.384799327,47348.27791,[nM],71.38479933
proto,Aducanemab,1.470325389,46495.33313,[nM],71.47032539
proto,Aducanemab,1.55579405,45828.3688,[nM],71.55579405
proto,Aducanemab,1.641163743,45482.06039,[nM],71.64116374
proto,Aducanemab,1.726507704,45219.12253,[nM],71.7265077
proto,Aducanemab,1.811833851,45013.90274,[nM],71.81183385
proto,Aducanemab,1.897134267,44892.05348,[nM],71.89713427
proto,Aducanemab,1.982428744,44789.44358,[nM],71.98242874
proto,Aducanemab,2.067675717,44840.74853,[nM],72.06767572
proto,Aducanemab,2.152894979,44981.83714,[nM],72.15289498
proto,Aducanemab,2.238106323,45148.57823,[nM],72.23810632
proto,Aducanemab,2.323317668,45315.31931,[nM],72.32331767
proto,Aducanemab,2.408513177,45533.36534,[nM],72.40851318
proto,Aducanemab,2.493714625,45732.17202,[nM],72.49371463
proto,Aducanemab,2.578918052,45924.56558,[nM],72.57891805
proto,Aducanemab,2.6641195,46123.37225,[nM],72.6641195
proto,Aducanemab,2.749315009,46341.41829,[nM],72.74931501
proto,Aducanemab,2.83450656,46572.29056,[nM],72.83450656
proto,Aducanemab,2.919696132,46809.57595,[nM],72.91969613
proto,Aducanemab,3.004887682,47040.44821,[nM],73.00488768
proto,Aducanemab,3.090073295,47290.55984,[nM],73.0900733
proto,Aducanemab,3.175258908,47540.67147,[nM],73.17525891
proto,Aducanemab,3.260440562,47803.60933,[nM],73.26044056
proto,Aducanemab,3.345630133,48040.89472,[nM],73.34563013
proto,Aducanemab,3.430809808,48310.2457,[nM],73.43080981
proto,Aducanemab,3.516005318,48528.29173,[nM],73.51600532
proto,Aducanemab,3.601181034,48810.46895,[nM],73.60118103
proto,Aducanemab,3.686366646,49060.58058,[nM],73.68636665
proto,Aducanemab,3.771540383,49349.17091,[nM],73.77154038
proto,Aducanemab,3.856720058,49618.52189,[nM],73.85672006
proto,Aducanemab,3.941901712,49881.45976,[nM],73.94190171
proto,Aducanemab,3.988325565,50150.81074,[nM],73.98832557
proto,Placebo,-0.01232834,70000,[nM],69.98767166
proto,Placebo,0.358042031,70000,[nM],70.35804203
proto,Placebo,1.071004994,70000,[nM],71.07100499
proto,Placebo,2.237619642,70168.53933,[nM],72.23761964
proto,Placebo,3.256138161,70168.53933,[nM],73.25613816
proto,Placebo,3.978360383,70168.53933,[nM],73.97836038
proto,Bapineuzumab,0.106799385,69409.40591,[nM],70.10679939
proto,Bapineuzumab,0.192353158,68466.67747,[nM],70.19235316
proto,Bapineuzumab,0.277928705,67453.40473,[nM],70.27792871
proto,Bapineuzumab,0.363504251,66440.13199,[nM],70.36350425
proto,Bapineuzumab,0.4490699,65458.92485,[nM],70.4490699
proto,Bapineuzumab,0.534623673,64516.19641,[nM],70.53462367
proto,Bapineuzumab,0.62016755,63605.53357,[nM],70.62016755
proto,Bapineuzumab,0.705685695,62778.24127,[nM],70.7056857
proto,Bapineuzumab,0.791199881,61963.77521,[nM],70.79119988
proto,Bapineuzumab,0.876710108,61162.13538,[nM],70.87671011
proto,Bapineuzumab,0.962192625,60450.27922,[nM],70.96219263
proto,Bapineuzumab,1.047681079,59719.1837,[nM],71.04768108
proto,Bapineuzumab,1.13314974,59052.21936,[nM],71.13314974
proto,Bapineuzumab,1.218608504,58417.32062,[nM],71.2186085
proto,Bapineuzumab,1.304067268,57782.42188,[nM],71.30406727
proto,Bapineuzumab,1.389522074,57160.34937,[nM],71.38952207
proto,Bapineuzumab,1.474953127,56615.23429,[nM],71.47495313
proto,Bapineuzumab,1.560372304,56108.59792,[nM],71.5603723
proto,Bapineuzumab,1.645771687,55666.09274,[nM],71.64577169
proto,Bapineuzumab,1.73114336,55313.37121,[nM],71.73114336
proto,Bapineuzumab,1.816505135,54992.71528,[nM],71.81650514
proto,Bapineuzumab,1.901849097,54729.77742,[nM],71.9018491
proto,Bapineuzumab,1.987179202,54511.73139,[nM],71.9871792
proto,Bapineuzumab,2.072493474,54344.99031,[nM],72.07249347
proto,Bapineuzumab,2.15778993,54235.96729,[nM],72.15778993
proto,Bapineuzumab,2.243094305,54101.2918,[nM],72.24309431
proto,Bapineuzumab,2.328357112,54101.2918,[nM],72.32835711
proto,Bapineuzumab,2.413625858,54082.05244,[nM],72.41362586
proto,Bapineuzumab,2.498904501,54030.74749,[nM],72.4989045
proto,Bapineuzumab,2.584149494,54088.46556,[nM],72.58414949
proto,Bapineuzumab,2.669408343,54101.2918,[nM],72.66940834
proto,Bapineuzumab,2.754671151,54101.2918,[nM],72.75467115
proto,Bapineuzumab,2.839902289,54203.9017,[nM],72.83990229
proto,Bapineuzumab,2.92515322,54242.38041,[nM],72.92515322
proto,Bapineuzumab,3.01037842,54364.22966,[nM],73.01037842
proto,Bapineuzumab,3.095613517,54454.01332,[nM],73.09561352
proto,Bapineuzumab,3.180850593,54537.38386,[nM],73.18085059
proto,Bapineuzumab,3.266073814,54665.64624,[nM],73.26607381
proto,Bapineuzumab,3.351295055,54800.32173,[nM],73.35129506
proto,Bapineuzumab,3.436522234,54915.75786,[nM],73.43652223
proto,Bapineuzumab,3.521745455,55044.02023,[nM],73.52174546
proto,Bapineuzumab,3.606970655,55165.86949,[nM],73.60697066
proto,Bapineuzumab,3.692183978,55326.19745,[nM],73.69218398
proto,Bapineuzumab,3.777413137,55435.22047,[nM],73.77741314
proto,Bapineuzumab,3.862632399,55576.30908,[nM],73.8626324
proto,Bapineuzumab,3.947849681,55723.81081,[nM],73.94784968
proto,Bapineuzumab,-0.012380358,70168.53933,[nM],69.98761964
proto,Bapineuzumab,0.043227216,70000,[nM],70.04322722
proto,Bapineuzumab,0.07110903,69662.92135,[nM],70.07110903
oligo,Lecanemab,0.158133389,11778.00867,[nM],70.15813339
oligo,Lecanemab,0.242617428,11349.933,[nM],70.24261743
oligo,Lecanemab,0.327166165,10815.75311,[nM],70.32716617
oligo,Lecanemab,0.41175729,10212.05666,[nM],70.41175729
oligo,Lecanemab,0.496370724,9571.772539,[nM],70.49637072
oligo,Lecanemab,0.580999776,8905.877057,[nM],70.58099978
oligo,Lecanemab,0.665619903,8254.616641,[nM],70.6656199
oligo,Lecanemab,0.750231107,7617.99129,[nM],70.75023111
oligo,Lecanemab,0.834835617,6992.342239,[nM],70.83483562
oligo,Lecanemab,0.919420049,6399.622085,[nM],70.91942005
oligo,Lecanemab,1.003986634,5836.172061,[nM],71.00398663
oligo,Lecanemab,1.088535371,5301.99217,[nM],71.08853537
oligo,Lecanemab,1.173061798,4804.399941,[nM],71.1730618
oligo,Lecanemab,1.257559223,4354.371676,[nM],71.25755922
oligo,Lecanemab,1.342049955,3915.31971,[nM],71.34204996
oligo,Lecanemab,1.426520608,3509.196642,[nM],71.42652061
oligo,Lecanemab,1.510966721,3143.320003,[nM],71.51096672
oligo,Lecanemab,1.595386062,2821.348562,[nM],71.59538606
oligo,Lecanemab,1.67972509,2631.09271,[nM],71.67972509
oligo,Lecanemab,1.764019497,2514.012185,[nM],71.7640195
oligo,Lecanemab,1.848275979,2459.13069,[nM],71.84827598
oligo,Lecanemab,1.932510151,2440.836858,[nM],71.93251015
oligo,Lecanemab,2.016733169,2440.836858,[nM],72.01673317
oligo,Lecanemab,2.100953955,2444.495624,[nM],72.10095396
oligo,Lecanemab,2.185154663,2481.083288,[nM],72.18515466
oligo,Lecanemab,2.269355371,2517.670952,[nM],72.26935537
oligo,Lecanemab,2.353544924,2572.552448,[nM],72.35354492
oligo,Lecanemab,2.437730015,2634.751476,[nM],72.43773002
oligo,Lecanemab,2.521912875,2700.609271,[nM],72.52191288
oligo,Lecanemab,2.606091273,2773.784599,[nM],72.60609127
oligo,Lecanemab,2.690267441,2850.618693,[nM],72.69026744
oligo,Lecanemab,2.774439146,2934.77032,[nM],72.77443915
oligo,Lecanemab,2.858613083,3015.26318,[nM],72.85861308
oligo,Lecanemab,2.942782557,3103.073573,[nM],72.94278256
oligo,Lecanemab,3.02694757,3198.201499,[nM],73.02694757
oligo,Lecanemab,3.111114813,3289.670659,[nM],73.11111481
oligo,Lecanemab,3.195284288,3377.481052,[nM],73.19528429
oligo,Lecanemab,3.279451531,3468.950211,[nM],73.27945153
oligo,Lecanemab,3.36360762,3578.713203,[nM],73.36360762
oligo,Lecanemab,3.44776817,3681.158662,[nM],73.44776817
oligo,Lecanemab,3.531933183,3776.286588,[nM],73.53193318
oligo,Lecanemab,3.616091503,3882.390813,[nM],73.6160915
oligo,Lecanemab,3.700252053,3984.836272,[nM],73.70025205
oligo,Lecanemab,3.784410373,4090.940497,[nM],73.78441037
oligo,Lecanemab,3.868570924,4193.385955,[nM],73.86857092
oligo,Lecanemab,3.952729243,4299.49018,[nM],73.95272924
oligo,Solanezumab,0.391552273,11956.06863,[nM],70.39155227
oligo,Solanezumab,0.586065779,11759.30831,[nM],70.58606578
oligo,Solanezumab,0.67560279,11614.93222,[nM],70.67560279
oligo,Solanezumab,0.768632343,11522.94038,[nM],70.76863234
oligo,Solanezumab,0.857669195,11401.56226,[nM],70.8576692
oligo,Solanezumab,0.959507524,11288.64866,[nM],70.95950752
oligo,Solanezumab,1.049232387,11160.08368,[nM],71.04923239
oligo,Solanezumab,1.128753755,11097.47812,[nM],71.12875376
oligo,Solanezumab,1.218621867,11008.04161,[nM],71.21862187
oligo,Solanezumab,1.306313276,10900.7178,[nM],71.30631328
oligo,Solanezumab,1.39230321,10793.39398,[nM],71.39230321
oligo,Solanezumab,1.479978259,10712.90112,[nM],71.47997826
oligo,Solanezumab,1.568615159,10624.58257,[nM],71.56861516
oligo,Solanezumab,1.652874987,10564.21292,[nM],71.65287499
oligo,Solanezumab,1.739468793,10488.03218,[nM],71.73946879
oligo,Solanezumab,1.819351646,10430.53728,[nM],71.81935165
oligo,Solanezumab,1.890498079,10350.04442,[nM],71.89049808
oligo,Solanezumab,1.973651442,10310.43682,[nM],71.97365144
oligo,Solanezumab,2.088529766,10263.27939,[nM],72.08852977
oligo,Solanezumab,2.168180218,10228.15523,[nM],72.16818022
oligo,Solanezumab,2.257024882,10182.78652,[nM],72.25702488
oligo,Solanezumab,2.318309219,10131.5638,[nM],72.31830922
oligo,Solanezumab,2.46378534,10131.5638,[nM],72.46378534
oligo,Solanezumab,2.548017281,10116.92873,[nM],72.54801728
oligo,Solanezumab,2.632280456,10051.07094,[nM],72.63228046
oligo,Solanezumab,2.716476701,10094.97613,[nM],72.7164767
oligo,Solanezumab,2.789192452,10131.5638,[nM],72.78919245
oligo,Solanezumab,3.091629651,10131.5638,[nM],73.09162965
oligo,Solanezumab,3.175870516,10102.29366,[nM],73.17587052
oligo,Solanezumab,3.260124767,10051.07094,[nM],73.26012477
oligo,Solanezumab,3.344325475,10087.6586,[nM],73.34432548
oligo,Solanezumab,3.428521721,10131.5638,[nM],73.42852172
oligo,Solanezumab,3.512744738,10131.5638,[nM],73.51274474
oligo,Solanezumab,3.566341204,10131.5638,[nM],73.5663412
oligo,Solanezumab,3.757748228,10146.19886,[nM],73.75774823
oligo,Solanezumab,3.841953398,10175.46899,[nM],73.8419534
oligo,Solanezumab,3.926154106,10212.05666,[nM],73.92615411
oligo,Solanezumab,3.975922253,10212.05666,[nM],73.97592225
oligo,Solanezumab,-0.010494841,12211.53846,[nM],69.98950516
oligo,Solanezumab,0.071822233,12211.53846,[nM],70.07182223
oligo,Solanezumab,0.346329737,12019.23077,[nM],70.34632974
oligo,Solanezumab,0.24560272,12211.53846,[nM],70.24560272
oligo,Solanezumab,0.501934803,11826.92308,[nM],70.5019348
oligo,Crenezumab,0.080939367,12807.34161,[nM],70.08093937
oligo,Crenezumab,0.145472074,13707.23553,[nM],70.14547207
oligo,Crenezumab,0.187012389,14643.99355,[nM],70.18701239
oligo,Crenezumab,0.224734092,15564.83187,[nM],70.22473409
oligo,Crenezumab,0.262391989,16590.31092,[nM],70.26239199
oligo,Crenezumab,0.300071483,17580.3731,[nM],70.30007148
oligo,Crenezumab,0.337804264,18483.04303,[nM],70.33780426
oligo,Crenezumab,0.383172041,19421.20649,[nM],70.38317204
oligo,Crenezumab,0.436204308,20346.49108,[nM],70.43620431
oligo,Crenezumab,0.50075589,21215.43068,[nM],70.50075589
oligo,Crenezumab,0.580688929,21972.5514,[nM],70.58068893
oligo,Crenezumab,0.664626384,22440.8735,[nM],70.66462638
oligo,Crenezumab,0.748696953,22690.8892,[nM],70.74869695
oligo,Crenezumab,0.832869402,22773.82124,[nM],70.8328694
oligo,Crenezumab,0.917041851,22856.75328,[nM],70.91704185
oligo,Crenezumab,1.001264869,22856.75328,[nM],71.00126487
oligo,Crenezumab,1.085510939,22818.94602,[nM],71.08551094
oligo,Crenezumab,1.169764446,22768.94288,[nM],71.16976445
oligo,Crenezumab,1.253987464,22768.94288,[nM],71.25398746
oligo,Crenezumab,1.338210481,22768.94288,[nM],71.33821048
oligo,Crenezumab,1.422433498,22768.94288,[nM],71.4224335
oligo,Crenezumab,1.506686262,22720.15933,[nM],71.50668626
oligo,Crenezumab,1.59091969,22703.08509,[nM],71.59091969
oligo,Crenezumab,1.675151632,22688.45002,[nM],71.67515163
oligo,Crenezumab,1.759374649,22688.45002,[nM],71.75937465
oligo,Crenezumab,1.843584281,22710.40262,[nM],71.84358428
oligo,Crenezumab,1.927807298,22710.40262,[nM],71.9278073
oligo,Crenezumab,2.012092782,22607.95716,[nM],72.01209278
oligo,Crenezumab,2.096315799,22607.95716,[nM],72.0963158
oligo,Crenezumab,2.180538817,22607.95716,[nM],72.18053882
oligo,Crenezumab,2.264761834,22607.95716,[nM],72.26476183
oligo,Crenezumab,2.349010136,22566.49114,[nM],72.34901014
oligo,Crenezumab,2.433250257,22538.4406,[nM],72.43325026
oligo,Crenezumab,2.517479967,22527.4643,[nM],72.51747997
oligo,Crenezumab,2.601702985,22527.4643,[nM],72.60170299
oligo,Crenezumab,2.685881383,22600.63963,[nM],72.68588138
oligo,Crenezumab,2.770186946,22465.26527,[nM],72.77018695
oligo,Crenezumab,2.854421118,22446.97144,[nM],72.85442112
oligo,Crenezumab,2.938644135,22446.97144,[nM],72.93864414
oligo,Crenezumab,3.022867153,22446.97144,[nM],73.02286715
oligo,Crenezumab,3.107105043,22422.57967,[nM],73.10710504
oligo,Crenezumab,3.191338472,22405.50542,[nM],73.19133847
oligo,Crenezumab,3.275585286,22366.47858,[nM],73.27558529
oligo,Crenezumab,3.359808303,22366.47858,[nM],73.3598083
oligo,Crenezumab,3.44400678,22406.72501,[nM],73.44400678
oligo,Crenezumab,3.528298957,22293.30325,[nM],73.52829896
oligo,Crenezumab,3.612526436,22285.98572,[nM],73.61252644
oligo,Crenezumab,3.696749454,22285.98572,[nM],73.69674945
oligo,Crenezumab,3.780981395,22271.35066,[nM],73.7809814
oligo,Crenezumab,3.865228209,22232.32381,[nM],73.86522821
oligo,Crenezumab,3.945613909,22247.08084,[nM],73.94561391
oligo,Gantenerumab,0.41091622,11591.41158,[nM],70.41091622
oligo,Gantenerumab,0.495264171,11386.52066,[nM],70.49526417
oligo,Gantenerumab,0.57960766,11188.94728,[nM],70.57960766
oligo,Gantenerumab,0.640955802,11033.08383,[nM],70.6409558
oligo,Gantenerumab,0.832626972,10614.52096,[nM],70.83262697
oligo,Gantenerumab,0.916970461,10416.94757,[nM],70.91697046
oligo,Gantenerumab,1.001300564,10241.32679,[nM],71.00130056
oligo,Gantenerumab,1.085632898,10062.04723,[nM],71.0856329
oligo,Gantenerumab,1.169954077,9901.061513,[nM],71.16995408
oligo,Gantenerumab,1.254275257,9740.075792,[nM],71.25427526
oligo,Gantenerumab,1.338589743,9590.066371,[nM],71.33858974
oligo,Gantenerumab,1.422906461,9436.398183,[nM],71.42290646
oligo,Gantenerumab,1.507216486,9293.706294,[nM],71.50721649
oligo,Gantenerumab,1.591524279,9154.673171,[nM],71.59152428
oligo,Gantenerumab,1.67582538,9026.616348,[nM],71.67582538
oligo,Gantenerumab,1.760122019,8905.877057,[nM],71.76012202
oligo,Gantenerumab,1.844398579,8818.066664,[nM],71.84439858
oligo,Gantenerumab,1.928681832,8719.279972,[nM],71.92868183
oligo,Gantenerumab,2.012947238,8649.76341,[nM],72.01294724
oligo,Gantenerumab,2.097212643,8580.246849,[nM],72.09721264
oligo,Gantenerumab,2.181469125,8525.365353,[nM],72.18146913
oligo,Gantenerumab,2.26570999,8496.095222,[nM],72.26570999
oligo,Gantenerumab,2.349966472,8441.213726,[nM],72.34996647
oligo,Gantenerumab,2.434189489,8441.213726,[nM],72.43418949
oligo,Gantenerumab,2.518432585,8408.284829,[nM],72.51843259
oligo,Gantenerumab,2.602660064,8400.967296,[nM],72.60266006
oligo,Gantenerumab,2.686883082,8400.967296,[nM],72.68688308
oligo,Gantenerumab,2.771106099,8400.967296,[nM],72.7711061
oligo,Gantenerumab,2.855329117,8400.967296,[nM],72.85532912
oligo,Gantenerumab,2.939534286,8430.237427,[nM],72.93953429
oligo,Gantenerumab,3.023750611,8441.213726,[nM],73.02375061
oligo,Gantenerumab,3.107973628,8441.213726,[nM],73.10797363
oligo,Gantenerumab,3.192176567,8474.142624,[nM],73.19217657
oligo,Gantenerumab,3.276377275,8510.730288,[nM],73.27637728
oligo,Gantenerumab,3.360593599,8521.706587,[nM],73.3605936
oligo,Gantenerumab,3.444803231,8543.659185,[nM],73.44480323
oligo,Gantenerumab,3.52900617,8576.588083,[nM],73.52900617
oligo,Gantenerumab,3.61321134,8605.858214,[nM],73.61321134
oligo,Gantenerumab,3.697403124,8657.080943,[nM],73.69740312
oligo,Gantenerumab,3.781610524,8682.692308,[nM],73.78161052
oligo,Gantenerumab,3.865820156,8704.644906,[nM],73.86582016
oligo,Gantenerumab,3.946179159,8763.185168,[nM],73.94617916
oligo,Gantenerumab,-0.001348499,12211.53846,[nM],69.9986515
oligo,Gantenerumab,0.264071295,11923.07692,[nM],70.2640713
oligo,Gantenerumab,0.154197936,12115.38462,[nM],70.15419794
oligo,Gantenerumab,0.337359287,11730.76923,[nM],70.33735929
oligo,Gantenerumab,0.749530957,10769.23077,[nM],70.74953096
oligo,Bapineuzumab,0.330233728,12063.39245,[nM],70.33023373
oligo,Bapineuzumab,0.586900652,11785.3262,[nM],70.58690065
oligo,Bapineuzumab,0.67119506,11668.24568,[nM],70.67119506
oligo,Bapineuzumab,0.755482775,11562.14145,[nM],70.75548278
oligo,Bapineuzumab,0.839768259,11459.69599,[nM],70.83976826
oligo,Bapineuzumab,0.924053743,11357.25053,[nM],70.92405374
oligo,Bapineuzumab,1.008341458,11251.14631,[nM],71.00834146
oligo,Bapineuzumab,1.092629173,11145.04208,[nM],71.09262917
oligo,Bapineuzumab,1.176910195,11049.91416,[nM],71.1769102
oligo,Bapineuzumab,1.261191218,10954.78623,[nM],71.26119122
oligo,Bapineuzumab,1.345470009,10863.31707,[nM],71.34547001
oligo,Bapineuzumab,1.429751031,10768.18915,[nM],71.42975103
oligo,Bapineuzumab,1.514027591,10680.37875,[nM],71.51402759
oligo,Bapineuzumab,1.59829969,10599.88589,[nM],71.59829969
oligo,Bapineuzumab,1.682571788,10519.39303,[nM],71.68257179
oligo,Bapineuzumab,1.766839425,10446.2177,[nM],71.76683943
oligo,Bapineuzumab,1.851102599,10380.35991,[nM],71.8511026
oligo,Bapineuzumab,1.935365774,10314.50211,[nM],71.93536577
oligo,Bapineuzumab,2.019620025,10263.27939,[nM],72.01962003
oligo,Bapineuzumab,2.103872044,10215.71542,[nM],72.10387204
oligo,Bapineuzumab,2.188121833,10171.81023,[nM],72.18812183
oligo,Bapineuzumab,2.27236716,10135.22256,[nM],72.27236716
oligo,Bapineuzumab,2.356612487,10098.6349,[nM],72.35661249
oligo,Bapineuzumab,2.440839966,10091.31737,[nM],72.44083997
oligo,Bapineuzumab,2.525085293,10054.7297,[nM],72.52508529
oligo,Bapineuzumab,2.609310542,10051.07094,[nM],72.60931054
oligo,Bapineuzumab,2.693540252,10040.09464,[nM],72.69354025
oligo,Bapineuzumab,2.777781117,10010.8245,[nM],72.77778112
oligo,Bapineuzumab,2.862004134,10010.8245,[nM],72.86200413
oligo,Bapineuzumab,2.946227152,10010.8245,[nM],72.94622715
oligo,Bapineuzumab,3.030450169,10010.8245,[nM],73.03045017
oligo,Bapineuzumab,3.114673186,10010.8245,[nM],73.11467319
oligo,Bapineuzumab,3.198882818,10032.7771,[nM],73.19888282
oligo,Bapineuzumab,3.283094681,10051.07094,[nM],73.28309468
oligo,Bapineuzumab,3.367317698,10051.07094,[nM],73.3673177
oligo,Bapineuzumab,3.451534023,10062.04723,[nM],73.45153402
oligo,Bapineuzumab,3.535739192,10091.31737,[nM],73.53573919
oligo,Bapineuzumab,3.61996221,10091.31737,[nM],73.61996221
oligo,Bapineuzumab,3.704180765,10098.6349,[nM],73.70418077
oligo,Bapineuzumab,3.788383704,10131.5638,[nM],73.7883837
oligo,Bapineuzumab,3.872606721,10131.5638,[nM],73.87260672
oligo,Bapineuzumab,3.949162194,10149.4511,[nM],73.94916219
oligo,Bapineuzumab,0.007797842,12211.53846,[nM],70.00779784
oligo,Bapineuzumab,0.172431989,12211.53846,[nM],70.17243199
oligo,Bapineuzumab,0.263895403,12211.53846,[nM],70.2638954
oligo,Aducanemab,0.104166585,12385.36389,[nM],70.10416659
oligo,Aducanemab,0.188389602,12385.36389,[nM],70.1883896
oligo,Aducanemab,0.238157749,12385.36389,[nM],70.23815775
oligo,Aducanemab,0.471984154,11895.08919,[nM],70.47198415
oligo,Aducanemab,0.556392341,11591.41158,[nM],70.55639234
oligo,Aducanemab,0.645939161,11231.63289,[nM],70.64593916
oligo,Aducanemab,0.732971482,10810.00362,[nM],70.73297148
oligo,Aducanemab,0.817456477,10380.35991,[nM],70.81745648
oligo,Aducanemab,0.901936054,9959.601775,[nM],70.90193605
oligo,Aducanemab,0.986406708,9553.478707,[nM],70.98640671
oligo,Aducanemab,1.070901901,9107.109208,[nM],71.0709019
oligo,Aducanemab,1.154593505,8722.938738,[nM],71.15459351
oligo,Aducanemab,1.23982313,8327.791969,[nM],71.23982313
oligo,Aducanemab,1.324264781,7969.232863,[nM],71.32426478
oligo,Aducanemab,1.408704201,7614.332524,[nM],71.4087042
oligo,Aducanemab,1.493134697,7274.06725,[nM],71.4931347
oligo,Aducanemab,1.57523496,6988.317596,[nM],71.57523496
oligo,Aducanemab,1.660206463,6737.448181,[nM],71.66020646
oligo,Aducanemab,1.745303736,6524.477487,[nM],71.74530374
oligo,Aducanemab,1.832144612,6312.177568,[nM],71.83214461
oligo,Aducanemab,1.914968151,6095.944475,[nM],71.91496815
oligo,Aducanemab,1.99933395,5861.783426,[nM],71.99933395
oligo,Aducanemab,2.083701979,5623.963611,[nM],72.08370198
oligo,Aducanemab,2.16578261,5370.411101,[nM],72.16578261
oligo,Aducanemab,2.247316261,5176.781053,[nM],72.24731626
oligo,Aducanemab,2.33761987,4971.077077,[nM],72.33761987
oligo,Aducanemab,2.421065226,4851.232151,[nM],72.42106523
oligo,Aducanemab,2.528295638,4789.764876,[nM],72.52829564
oligo,Aducanemab,2.574217618,4819.035007,[nM],72.57421762
oligo,Aducanemab,2.803921218,4811.717474,[nM],72.80392122
oligo,Aducanemab,2.872875579,4738.542146,[nM],72.87287558
oligo,Aducanemab,3.009850868,4867.330723,[nM],73.00985087
oligo,Aducanemab,3.108194493,4939.774298,[nM],73.10819449
oligo,Aducanemab,3.168505854,4914.620279,[nM],73.16850585
oligo,Aducanemab,3.27085343,5012.949625,[nM],73.27085343
oligo,Aducanemab,3.374169407,5092.710732,[nM],73.37416941
oligo,Aducanemab,3.477484492,5173.935346,[nM],73.47748449
oligo,Aducanemab,3.576962781,5269.063272,[nM],73.57696278
oligo,Aducanemab,3.669651281,5337.766774,[nM],73.66965128
oligo,Aducanemab,3.760639298,5404.844158,[nM],73.7606393
oligo,Aducanemab,3.860120066,5495.906788,[nM],73.86012007
oligo,Aducanemab,3.944287309,5587.375947,[nM],73.94428731
oligo,Placebo,-0.001348499,12211.53846,[nM],69.9986515
oligo,Placebo,0.821822233,12211.53846,[nM],70.82182223
oligo,Placebo,2.102251407,12307.69231,[nM],72.10225141
oligo,Placebo,3.584017355,12211.53846,[nM],73.58401736
oligo,Placebo,3.986397749,12307.69231,[nM],73.98639775
plaque,Lecanemab,0.239008486,5028.958701,[nM],70.23900849
plaque,Lecanemab,0.323748209,4988.605071,[nM],70.32374821
plaque,Lecanemab,0.408487932,4948.978534,[nM],70.40848793
plaque,Lecanemab,0.493227655,4908.98845,[nM],70.49322766
plaque,Lecanemab,0.577967378,4868.998367,[nM],70.57796738
plaque,Lecanemab,0.662707101,4829.008283,[nM],70.6627071
plaque,Lecanemab,0.747446824,4787.927561,[nM],70.74744682
plaque,Lecanemab,0.832186547,4745.392654,[nM],70.83218655
plaque,Lecanemab,0.91692627,4704.675478,[nM],70.91692627
plaque,Lecanemab,1.001665993,4661.413479,[nM],71.00166599
plaque,Lecanemab,1.086405716,4617.424387,[nM],71.08640572
plaque,Lecanemab,1.171145439,4574.525934,[nM],71.17114544
plaque,Lecanemab,1.255885162,4530.900388,[nM],71.25588516
plaque,Lecanemab,1.340624885,4487.274842,[nM],71.34062489
plaque,Lecanemab,1.425364608,4443.28575,[nM],71.42536461
plaque,Lecanemab,1.510104331,4400.750843,[nM],71.51010433
plaque,Lecanemab,1.594844054,4366.577499,[nM],71.59484405
plaque,Lecanemab,1.679583777,4342.219903,[nM],71.67958378
plaque,Lecanemab,1.7643235,4321.497769,[nM],71.7643235
plaque,Lecanemab,1.849063223,4303.684004,[nM],71.84906322
plaque,Lecanemab,1.933802946,4288.77861,[nM],71.93380295
plaque,Lecanemab,2.018542669,4276.781584,[nM],72.01854267
plaque,Lecanemab,2.103282392,4265.875198,[nM],72.10328239
plaque,Lecanemab,2.188022115,4259.694912,[nM],72.18802212
plaque,Lecanemab,2.272761838,4251.696896,[nM],72.27276184
plaque,Lecanemab,2.357501561,4245.51661,[nM],72.35750156
plaque,Lecanemab,2.442241284,4245.153064,[nM],72.44224128
plaque,Lecanemab,2.526981007,4240.426963,[nM],72.52698101
plaque,Lecanemab,2.61172073,4240.063417,[nM],72.61172073
plaque,Lecanemab,2.67334962,4241.517602,[nM],72.67334962
plaque,Lecanemab,2.973790456,4243.335333,[nM],72.97379046
plaque,Lecanemab,3.058530179,4245.51661,[nM],73.05853018
plaque,Lecanemab,3.143269902,4248.061434,[nM],73.1432699
plaque,Lecanemab,3.228009625,4253.151081,[nM],73.22800963
plaque,Lecanemab,3.312749348,4260.785551,[nM],73.31274935
plaque,Lecanemab,3.397489071,4264.057467,[nM],73.39748907
plaque,Lecanemab,3.482228794,4270.601299,[nM],73.48222879
plaque,Lecanemab,3.566968517,4276.418038,[nM],73.56696852
plaque,Lecanemab,3.65170824,4282.96187,[nM],73.65170824
plaque,Lecanemab,3.736447963,4290.596341,[nM],73.73644796
plaque,Lecanemab,3.821187686,4297.867265,[nM],73.82118769
plaque,Lecanemab,3.905927409,4305.501735,[nM],73.90592741
plaque,Lecanemab,3.971408104,4312.166749,[nM],73.9714081
plaque,Lecanemab,-0.006134969,5101.910828,[nM],69.99386503
plaque,Lecanemab,0.030674847,5101.910828,[nM],70.03067485
plaque,Lecanemab,0.104294479,5092.356688,[nM],70.10429448
plaque,Lecanemab,0.187116564,5044.585987,[nM],70.18711656
plaque,Lecanemab,0.141104294,5063.694268,[nM],70.14110429
plaque,Lecanemab,2.754601227,4242.038217,[nM],72.75460123
plaque,Lecanemab,2.883435583,4242.038217,[nM],72.88343558
plaque,Solanezumab,0.878408214,5185.283573,[nM],70.87840821
plaque,Solanezumab,0.963147937,5185.283573,[nM],70.96314794
plaque,Solanezumab,1.04788766,5185.283573,[nM],71.04788766
plaque,Solanezumab,1.132627383,5187.828396,[nM],71.13262738
plaque,Solanezumab,1.217367106,5189.646128,[nM],71.21736711
plaque,Solanezumab,1.302106829,5194.735775,[nM],71.30210683
plaque,Solanezumab,1.386846552,5196.553506,[nM],71.38684655
plaque,Solanezumab,1.471586275,5198.00769,[nM],71.47158628
plaque,Solanezumab,1.556325998,5201.279606,[nM],71.556326
plaque,Solanezumab,1.641065721,5205.278615,[nM],71.64106572
plaque,Solanezumab,1.725805444,5207.823438,[nM],71.72580544
plaque,Solanezumab,1.810545167,5212.549539,[nM],71.81054517
plaque,Solanezumab,1.89528489,5216.548547,[nM],71.89528489
plaque,Solanezumab,1.980024613,5222.001741,[nM],71.98002461
plaque,Solanezumab,2.064764336,5228.909119,[nM],72.06476434
plaque,Solanezumab,2.149504059,5236.180043,[nM],72.14950406
plaque,Solanezumab,2.234243782,5243.814513,[nM],72.23424378
plaque,Solanezumab,2.318983505,5251.085438,[nM],72.31898351
plaque,Solanezumab,2.403723228,5260.901185,[nM],72.40372323
plaque,Solanezumab,2.488462951,5270.716933,[nM],72.48846295
plaque,Solanezumab,2.573202674,5280.169135,[nM],72.57320267
plaque,Solanezumab,2.657942397,5290.711975,[nM],72.6579424
plaque,Solanezumab,2.74268212,5301.981908,[nM],72.74268212
plaque,Solanezumab,2.827421843,5312.888294,[nM],72.82742184
plaque,Solanezumab,2.912161566,5324.521773,[nM],72.91216157
plaque,Solanezumab,2.996901289,5336.882344,[nM],72.99690129
plaque,Solanezumab,3.081641012,5348.879369,[nM],73.08164101
plaque,Solanezumab,3.166380735,5361.603487,[nM],73.16638074
plaque,Solanezumab,3.251120458,5374.69115,[nM],73.25112046
plaque,Solanezumab,3.335860181,5387.415268,[nM],73.33586018
plaque,Solanezumab,3.420599904,5400.866478,[nM],73.4205999
plaque,Solanezumab,3.505339627,5415.04478,[nM],73.50533963
plaque,Solanezumab,3.590079351,5428.132444,[nM],73.59007935
plaque,Solanezumab,3.674819074,5441.9472,[nM],73.67481907
plaque,Solanezumab,3.759558797,5456.125502,[nM],73.7595588
plaque,Solanezumab,3.84429852,5470.667351,[nM],73.84429852
plaque,Solanezumab,3.929038243,5485.209199,[nM],73.92903824
plaque,Solanezumab,3.982963521,5491.874213,[nM],73.98296352
plaque,Solanezumab,0.003067485,5101.910828,[nM],70.00306749
plaque,Solanezumab,0.54601227,5168.789809,[nM],70.54601227
plaque,Solanezumab,0.398773006,5159.235669,[nM],70.39877301
plaque,Solanezumab,0.279141104,5149.681529,[nM],70.2791411
plaque,Solanezumab,0.159509202,5130.573248,[nM],70.1595092
plaque,Solanezumab,0.085889571,5111.464968,[nM],70.08588957
plaque,Solanezumab,0.693251534,5178.343949,[nM],70.69325153
plaque,Solanezumab,0.812883436,5178.343949,[nM],70.81288344
plaque,Crenezumab,0.048986077,5132.407796,[nM],70.04898608
plaque,Crenezumab,0.13629367,5147.959495,[nM],70.13629367
plaque,Crenezumab,0.323748209,5153.291506,[nM],70.32374821
plaque,Crenezumab,0.431598766,5165.288531,[nM],70.43159877
plaque,Crenezumab,0.516338489,5165.288531,[nM],70.51633849
plaque,Crenezumab,0.601078212,5168.196901,[nM],70.60107821
plaque,Crenezumab,0.685817935,5168.196901,[nM],70.68581794
plaque,Crenezumab,0.770557658,5167.833355,[nM],70.77055766
plaque,Crenezumab,0.855297381,5165.652077,[nM],70.85529738
plaque,Crenezumab,0.940037104,5165.288531,[nM],70.9400371
plaque,Crenezumab,1.024776827,5163.4708,[nM],71.02477683
plaque,Crenezumab,1.114138716,5161.289523,[nM],71.11413872
plaque,Crenezumab,1.188478564,5161.289523,[nM],71.18847856
plaque,Crenezumab,1.317514052,5157.290515,[nM],71.31751405
plaque,Crenezumab,1.402253775,5157.290515,[nM],71.40225378
plaque,Crenezumab,1.486993498,5156.199876,[nM],71.4869935
plaque,Crenezumab,1.571733221,5155.472783,[nM],71.57173322
plaque,Crenezumab,1.656472944,5153.291506,[nM],71.65647294
plaque,Crenezumab,1.741212667,5153.291506,[nM],71.74121267
plaque,Crenezumab,1.82595239,5153.291506,[nM],71.82595239
plaque,Crenezumab,1.910692113,5153.291506,[nM],71.91069211
plaque,Crenezumab,1.995431836,5151.110229,[nM],71.99543184
plaque,Crenezumab,2.080171559,5149.292498,[nM],72.08017156
plaque,Crenezumab,2.164911282,5147.838313,[nM],72.16491128
plaque,Crenezumab,2.249651005,5145.293489,[nM],72.24965101
plaque,Crenezumab,2.334390728,5145.293489,[nM],72.33439073
plaque,Crenezumab,2.419130451,5144.929943,[nM],72.41913045
plaque,Crenezumab,2.503870174,5141.294481,[nM],72.50387017
plaque,Crenezumab,2.588609897,5141.294481,[nM],72.5886099
plaque,Crenezumab,2.67334962,5141.294481,[nM],72.67334962
plaque,Crenezumab,2.758089343,5138.386111,[nM],72.75808934
plaque,Crenezumab,2.842829066,5137.295473,[nM],72.84282907
plaque,Crenezumab,2.927568789,5137.295473,[nM],72.92756879
plaque,Crenezumab,3.012308512,5137.295473,[nM],73.01230851
plaque,Crenezumab,3.097048235,5137.295473,[nM],73.09704824
plaque,Crenezumab,3.181787958,5134.750649,[nM],73.18178796
plaque,Crenezumab,3.266527681,5136.204834,[nM],73.26652768
plaque,Crenezumab,3.351267404,5130.751641,[nM],73.3512674
plaque,Crenezumab,3.436007127,5129.297456,[nM],73.43600713
plaque,Crenezumab,3.52074685,5129.297456,[nM],73.52074685
plaque,Crenezumab,3.605486573,5126.752633,[nM],73.60548657
plaque,Crenezumab,3.690226296,5125.298448,[nM],73.6902263
plaque,Crenezumab,3.774966019,5125.298448,[nM],73.77496602
plaque,Crenezumab,3.859705742,5125.298448,[nM],73.85970574
plaque,Crenezumab,3.944445465,5123.11717,[nM],73.94444547
plaque,Crenezumab,0.22392638,5149.681529,[nM],70.22392638
plaque,Crenezumab,0.003067485,5121.019108,[nM],70.00306749
plaque,Gantenerumab,0.65500349,4752.300032,[nM],70.65500349
plaque,Gantenerumab,0.739743213,4702.494201,[nM],70.73974321
plaque,Gantenerumab,0.824482936,4649.78,[nM],70.82448294
plaque,Gantenerumab,0.909222659,4597.792891,[nM],70.90922266
plaque,Gantenerumab,0.993962382,4547.259968,[nM],70.99396238
plaque,Gantenerumab,1.078702105,4495.999951,[nM],71.07870211
plaque,Gantenerumab,1.163441828,4445.467028,[nM],71.16344183
plaque,Gantenerumab,1.248181551,4396.024743,[nM],71.24818155
plaque,Gantenerumab,1.332921274,4345.491819,[nM],71.33292127
plaque,Gantenerumab,1.417660997,4295.322441,[nM],71.417661
plaque,Gantenerumab,1.50240072,4246.243703,[nM],71.50240072
plaque,Gantenerumab,1.587140443,4212.433905,[nM],71.58714044
plaque,Gantenerumab,1.671880166,4198.255602,[nM],71.67188017
plaque,Gantenerumab,1.756619889,4190.257586,[nM],71.75661989
plaque,Gantenerumab,1.841359612,4189.530493,[nM],71.84135961
plaque,Gantenerumab,1.918395724,4186.864488,[nM],71.91839572
plaque,Gantenerumab,2.149504059,4193.529502,[nM],72.14950406
plaque,Gantenerumab,2.234243782,4197.164964,[nM],72.23424378
plaque,Gantenerumab,2.318983505,4199.346241,[nM],72.31898351
plaque,Gantenerumab,2.403723228,4205.526527,[nM],72.40372323
plaque,Gantenerumab,2.488462951,4212.433905,[nM],72.48846295
plaque,Gantenerumab,2.573202674,4218.250644,[nM],72.57320267
plaque,Gantenerumab,2.657942397,4228.793484,[nM],72.6579424
plaque,Gantenerumab,2.74268212,4236.064409,[nM],72.74268212
plaque,Gantenerumab,2.827421843,4242.60824,[nM],72.82742184
plaque,Gantenerumab,2.912161566,4250.242711,[nM],72.91216157
plaque,Gantenerumab,2.996901289,4262.966828,[nM],72.99690129
plaque,Gantenerumab,3.081641012,4273.873215,[nM],73.08164101
plaque,Gantenerumab,3.166380735,4282.96187,[nM],73.16638074
plaque,Gantenerumab,3.251120458,4295.322441,[nM],73.25112046
plaque,Gantenerumab,3.335860181,4306.228828,[nM],73.33586018
plaque,Gantenerumab,3.420599904,4317.862307,[nM],73.4205999
plaque,Gantenerumab,3.505339627,4329.495785,[nM],73.50533963
plaque,Gantenerumab,3.590079351,4342.219903,[nM],73.59007935
plaque,Gantenerumab,3.674819074,4353.853382,[nM],73.67481907
plaque,Gantenerumab,3.757247713,4367.086464,[nM],73.75724771
plaque,Gantenerumab,3.84429852,4379.301617,[nM],73.84429852
plaque,Gantenerumab,3.929038243,4393.479919,[nM],73.92903824
plaque,Gantenerumab,3.982963521,4400.144933,[nM],73.98296352
plaque,Gantenerumab,-0.006134969,5101.910828,[nM],69.99386503
plaque,Gantenerumab,0.472392638,4863.057325,[nM],70.47239264
plaque,Gantenerumab,0.297546012,4977.707006,[nM],70.29754601
plaque,Gantenerumab,0.168711656,5044.585987,[nM],70.16871166
plaque,Gantenerumab,0.122699387,5073.248408,[nM],70.12269939
plaque,Gantenerumab,0.058282209,5101.910828,[nM],70.05828221
plaque,Bapineuzumab,0.140402263,5099.304893,[nM],70.14040226
plaque,Bapineuzumab,0.223601264,5081.672902,[nM],70.22360126
plaque,Bapineuzumab,0.308340987,5060.587222,[nM],70.30834099
plaque,Bapineuzumab,0.39308071,5036.593172,[nM],70.39308071
plaque,Bapineuzumab,0.477820433,5013.326214,[nM],70.47782043
plaque,Bapineuzumab,0.562560156,4988.605071,[nM],70.56256016
plaque,Bapineuzumab,0.647299879,4963.156836,[nM],70.64729988
plaque,Bapineuzumab,0.732039602,4939.526332,[nM],70.7320396
plaque,Bapineuzumab,0.816779325,4914.441644,[nM],70.81677933
plaque,Bapineuzumab,0.901519048,4889.356955,[nM],70.90151905
plaque,Bapineuzumab,0.986258771,4866.453543,[nM],70.98625877
plaque,Bapineuzumab,1.070998494,4842.82304,[nM],71.07099849
plaque,Bapineuzumab,1.155738217,4818.465443,[nM],71.15573822
plaque,Bapineuzumab,1.24047794,4795.562032,[nM],71.24047794
plaque,Bapineuzumab,1.325217663,4771.204435,[nM],71.32521766
plaque,Bapineuzumab,1.409957386,4747.573931,[nM],71.40995739
plaque,Bapineuzumab,1.494697109,4725.034066,[nM],71.49469711
plaque,Bapineuzumab,1.579436832,4704.675478,[nM],71.57943683
plaque,Bapineuzumab,1.664176555,4686.134621,[nM],71.66417656
plaque,Bapineuzumab,1.748916278,4669.775042,[nM],71.74891628
plaque,Bapineuzumab,1.833656001,4655.960286,[nM],71.833656
plaque,Bapineuzumab,1.918395724,4642.145529,[nM],71.91839572
plaque,Bapineuzumab,2.003135447,4633.42042,[nM],72.00313545
plaque,Bapineuzumab,2.08787517,4625.058857,[nM],72.08787517
plaque,Bapineuzumab,2.172614893,4618.515026,[nM],72.17261489
plaque,Bapineuzumab,2.257354616,4614.152471,[nM],72.25735462
plaque,Bapineuzumab,2.342094339,4609.42637,[nM],72.34209434
plaque,Bapineuzumab,2.426834062,4609.42637,[nM],72.42683406
plaque,Bapineuzumab,2.511573785,4609.42637,[nM],72.51157379
plaque,Bapineuzumab,2.596313508,4609.42637,[nM],72.59631351
plaque,Bapineuzumab,2.681053231,4609.42637,[nM],72.68105323
plaque,Bapineuzumab,2.765792954,4609.42637,[nM],72.76579295
plaque,Bapineuzumab,2.850532677,4611.971194,[nM],72.85053268
plaque,Bapineuzumab,2.9352724,4616.697294,[nM],72.9352724
plaque,Bapineuzumab,3.020012123,4619.242118,[nM],73.02001212
plaque,Bapineuzumab,3.104751846,4624.331765,[nM],73.10475185
plaque,Bapineuzumab,3.189491569,4630.875597,[nM],73.18949157
plaque,Bapineuzumab,3.274231292,4635.238151,[nM],73.27423129
plaque,Bapineuzumab,3.358971015,4641.781983,[nM],73.35897102
plaque,Bapineuzumab,3.443710738,4648.689361,[nM],73.44371074
plaque,Bapineuzumab,3.528450461,4657.050924,[nM],73.52845046
plaque,Bapineuzumab,3.613190184,4663.23121,[nM],73.61319018
plaque,Bapineuzumab,3.697929907,4671.229227,[nM],73.69792991
plaque,Bapineuzumab,3.78266963,4679.590789,[nM],73.78266963
plaque,Bapineuzumab,3.867409353,4688.679445,[nM],73.86740935
plaque,Bapineuzumab,3.952149076,4696.677462,[nM],73.95214908
plaque,Bapineuzumab,0.067484663,5111.464968,[nM],70.06748466
plaque,Bapineuzumab,-0.006134969,5111.464968,[nM],69.99386503
plaque,Aducanemab,0.064393299,5091.973378,[nM],70.0643933
plaque,Aducanemab,0.146565152,5058.315058,[nM],70.14656515
plaque,Aducanemab,0.229378972,5010.326958,[nM],70.22937897
plaque,Aducanemab,0.323748209,4956.249458,[nM],70.32374821
plaque,Aducanemab,0.408487932,4908.624904,[nM],70.40848793
plaque,Aducanemab,0.501701627,4856.964987,[nM],70.50170163
plaque,Aducanemab,0.611349693,4797.379763,[nM],70.61134969
plaque,Aducanemab,0.702765879,4746.592357,[nM],70.70276588
plaque,Aducanemab,0.801372102,4691.587815,[nM],70.8013721
plaque,Aducanemab,0.886111825,4643.963261,[nM],70.88611183
plaque,Aducanemab,0.970851548,4594.884522,[nM],70.97085155
plaque,Aducanemab,1.055591271,4547.98706,[nM],71.05559127
plaque,Aducanemab,1.138790272,4501.053244,[nM],71.13879027
plaque,Aducanemab,1.225070717,4453.828591,[nM],71.22507072
plaque,Aducanemab,1.30981044,4406.567583,[nM],71.30981044
plaque,Aducanemab,1.394550163,4359.670121,[nM],71.39455016
plaque,Aducanemab,1.479289886,4312.045567,[nM],71.47928989
plaque,Aducanemab,1.564029609,4275.690946,[nM],71.56402961
plaque,Aducanemab,1.659896771,4250.404287,[nM],71.65989677
plaque,Aducanemab,1.748916278,4233.883131,[nM],71.74891628
plaque,Aducanemab,1.829804195,4220.322857,[nM],71.8298042
plaque,Aducanemab,1.920321627,4204.526774,[nM],71.92032163
plaque,Aducanemab,2.018542669,4190.257586,[nM],72.01854267
plaque,Aducanemab,2.092277233,4178.104755,[nM],72.09227723
plaque,Aducanemab,2.188022115,4167.354174,[nM],72.18802212
plaque,Aducanemab,2.272761838,4158.265519,[nM],72.27276184
plaque,Aducanemab,2.357501561,4150.994594,[nM],72.35750156
plaque,Aducanemab,2.442241284,4145.541401,[nM],72.44224128
plaque,Aducanemab,2.526981007,4137.543385,[nM],72.52698101
plaque,Aducanemab,2.61172073,4137.543385,[nM],72.61172073
plaque,Aducanemab,2.696460453,4132.090191,[nM],72.69646045
plaque,Aducanemab,2.781200176,4129.545368,[nM],72.78120018
plaque,Aducanemab,2.865939899,4129.545368,[nM],72.8659399
plaque,Aducanemab,2.950679622,4130.999553,[nM],72.95067962
plaque,Aducanemab,3.035419345,4137.543385,[nM],73.03541935
plaque,Aducanemab,3.120159068,4137.543385,[nM],73.12015907
plaque,Aducanemab,3.204898791,4140.8153,[nM],73.20489879
plaque,Aducanemab,3.289638514,4145.541401,[nM],73.28963851
plaque,Aducanemab,3.374378237,4150.267502,[nM],73.37437824
plaque,Aducanemab,3.461429044,4154.73912,[nM],73.46142904
plaque,Aducanemab,3.543857683,4161.537435,[nM],73.54385768
plaque,Aducanemab,3.628597406,4168.444813,[nM],73.62859741
plaque,Aducanemab,3.713337129,4174.988645,[nM],73.71333713
plaque,Aducanemab,3.798076852,4182.259569,[nM],73.79807685
plaque,Aducanemab,3.882816575,4189.166947,[nM],73.88281658
plaque,Aducanemab,3.956963833,4196.528758,[nM],73.95696383
plaque,Aducanemab,-0.006134969,5101.910828,[nM],69.99386503
plaque,Placebo,0.003067485,5101.910828,[nM],70.00306749
plaque,Placebo,0.31595092,5168.789809,[nM],70.31595092
plaque,Placebo,0.987730061,5331.210191,[nM],70.98773006
plaque,Placebo,1.447852761,5436.305732,[nM],71.44785276
plaque,Placebo,2.579754601,5703.821656,[nM],72.5797546
plaque,Placebo,3.371165644,5885.350318,[nM],73.37116564
plaque,Placebo,3.978527607,6028.66242,[nM],73.97852761
SUVR,Lecanemab,0.137719107,1.373695668,[dimensionless],70.13771911
SUVR,Lecanemab,0.221431682,1.353114302,[dimensionless],70.22143168
SUVR,Lecanemab,0.305144257,1.331966217,[dimensionless],70.30514426
SUVR,Lecanemab,0.388856832,1.312234931,[dimensionless],70.38885683
SUVR,Lecanemab,0.472569407,1.293353725,[dimensionless],70.47256941
SUVR,Lecanemab,0.556281981,1.275039238,[dimensionless],70.55628198
SUVR,Lecanemab,0.639994556,1.25771651,[dimensionless],70.63999456
SUVR,Lecanemab,0.723707131,1.241952261,[dimensionless],70.72370713
SUVR,Lecanemab,0.807419706,1.226188012,[dimensionless],70.80741971
SUVR,Lecanemab,0.891132281,1.211415522,[dimensionless],70.89113228
SUVR,Lecanemab,0.974844856,1.197351432,[dimensionless],70.97484486
SUVR,Lecanemab,1.058557431,1.183429021,[dimensionless],71.05855743
SUVR,Lecanemab,1.142270005,1.17049837,[dimensionless],71.14227001
SUVR,Lecanemab,1.22598258,1.158701158,[dimensionless],71.22598258
SUVR,Lecanemab,1.309695155,1.146620586,[dimensionless],71.30969516
SUVR,Lecanemab,1.39340773,1.135248413,[dimensionless],71.39340773
SUVR,Lecanemab,1.477120305,1.12472632,[dimensionless],71.47712031
SUVR,Lecanemab,1.56083288,1.116471105,[dimensionless],71.56083288
SUVR,Lecanemab,1.644545455,1.112466287,[dimensionless],71.64454546
SUVR,Lecanemab,1.728258029,1.110728347,[dimensionless],71.72825803
SUVR,Lecanemab,1.811970604,1.108707047,[dimensionless],71.8119706
SUVR,Lecanemab,1.895683179,1.107960866,[dimensionless],71.89568318
SUVR,Lecanemab,1.979395754,1.105939567,[dimensionless],71.97939575
SUVR,Lecanemab,2.063108329,1.105901785,[dimensionless],72.06310833
SUVR,Lecanemab,2.146820904,1.106005684,[dimensionless],72.1468209
SUVR,Lecanemab,2.230533478,1.106109583,[dimensionless],72.23053348
SUVR,Lecanemab,2.314246053,1.106213481,[dimensionless],72.31424605
SUVR,Lecanemab,2.397958628,1.107450819,[dimensionless],72.39795863
SUVR,Lecanemab,2.481671203,1.108263117,[dimensionless],72.4816712
SUVR,Lecanemab,2.565383778,1.109642134,[dimensionless],72.56538378
SUVR,Lecanemab,2.649096353,1.110454433,[dimensionless],72.64909635
SUVR,Lecanemab,2.732808928,1.11211681,[dimensionless],72.73280893
SUVR,Lecanemab,2.816521502,1.114345907,[dimensionless],72.8165215
SUVR,Lecanemab,2.900234077,1.116291644,[dimensionless],72.90023408
SUVR,Lecanemab,2.983946652,1.116678902,[dimensionless],72.98394665
SUVR,Lecanemab,3.067659227,1.1181996,[dimensionless],73.06765923
SUVR,Lecanemab,3.151371802,1.120853736,[dimensionless],73.1513718
SUVR,Lecanemab,3.235084377,1.121949394,[dimensionless],73.23508438
SUVR,Lecanemab,3.318796952,1.124603531,[dimensionless],73.31879695
SUVR,Lecanemab,3.455781165,1.127890504,[dimensionless],73.45578117
SUVR,Lecanemab,0.009090909,1.394692134,[dimensionless],70.00909091
SUVR,Lecanemab,0.1,1.383634752,[dimensionless],70.1
SUVR,Lecanemab,0.063636364,1.391036428,[dimensionless],70.06363636
SUVR,Lecanemab,3.618181818,1.131086396,[dimensionless],73.61818182
SUVR,Lecanemab,3.945454545,1.142662798,[dimensionless],73.94545455
SUVR,Lecanemab,3.8,1.138758865,[dimensionless],73.8
SUVR,Lecanemab,3.718181818,1.134933914,[dimensionless],73.71818182
SUVR,Lecanemab,3.554545455,1.131007415,[dimensionless],73.55454546
SUVR,Solanezumab,0.312754491,1.405224166,[dimensionless],70.31275449
SUVR,Solanezumab,0.396467066,1.404477985,[dimensionless],70.39646707
SUVR,Solanezumab,0.480179641,1.403165085,[dimensionless],70.48017964
SUVR,Solanezumab,0.563892216,1.402843944,[dimensionless],70.56389222
SUVR,Solanezumab,0.64760479,1.400539284,[dimensionless],70.64760479
SUVR,Solanezumab,0.731317365,1.400359823,[dimensionless],70.73131737
SUVR,Solanezumab,0.81502994,1.399046923,[dimensionless],70.81502994
SUVR,Solanezumab,0.898742515,1.397450663,[dimensionless],70.89874252
SUVR,Solanezumab,0.98245509,1.397129521,[dimensionless],70.98245509
SUVR,Solanezumab,1.066167665,1.394541502,[dimensionless],71.06616767
SUVR,Solanezumab,1.14988024,1.394645401,[dimensionless],71.14988024
SUVR,Solanezumab,1.233592814,1.39418258,[dimensionless],71.23359281
SUVR,Solanezumab,1.317305389,1.39173624,[dimensionless],71.31730539
SUVR,Solanezumab,1.401017964,1.391840139,[dimensionless],71.40101796
SUVR,Solanezumab,1.484730539,1.391944037,[dimensionless],71.48473054
SUVR,Solanezumab,1.568443114,1.389214338,[dimensionless],71.56844311
SUVR,Solanezumab,1.652155689,1.389034877,[dimensionless],71.65215569
SUVR,Solanezumab,1.735868263,1.389138776,[dimensionless],71.73586826
SUVR,Solanezumab,1.819580838,1.389242674,[dimensionless],71.81958084
SUVR,Solanezumab,1.903293413,1.389346573,[dimensionless],71.90329341
SUVR,Solanezumab,1.987005988,1.389450471,[dimensionless],71.98700599
SUVR,Solanezumab,2.070718563,1.38955437,[dimensionless],72.07071856
SUVR,Solanezumab,2.154431138,1.391216747,[dimensionless],72.15443114
SUVR,Solanezumab,2.238143713,1.392879125,[dimensionless],72.23814371
SUVR,Solanezumab,2.321856287,1.393266383,[dimensionless],72.32185629
SUVR,Solanezumab,2.405568862,1.396203879,[dimensionless],72.40556886
SUVR,Solanezumab,2.489281437,1.397016178,[dimensionless],72.48928144
SUVR,Solanezumab,2.572994012,1.399528634,[dimensionless],72.57299401
SUVR,Solanezumab,2.656706587,1.402324451,[dimensionless],72.65670659
SUVR,Solanezumab,2.740419162,1.403986828,[dimensionless],72.74041916
SUVR,Solanezumab,2.824131737,1.406499285,[dimensionless],72.82413174
SUVR,Solanezumab,2.904039194,1.4077319,[dimensionless],72.90403919
SUVR,Solanezumab,3.197033206,1.420563375,[dimensionless],73.19703321
SUVR,Solanezumab,3.280745781,1.422225753,[dimensionless],73.28074578
SUVR,Solanezumab,3.364458356,1.425729968,[dimensionless],73.36445836
SUVR,Solanezumab,3.448170931,1.428809145,[dimensionless],73.44817093
SUVR,Solanezumab,3.531883506,1.432313361,[dimensionless],73.53188351
SUVR,Solanezumab,3.615596081,1.435817577,[dimensionless],73.61559608
SUVR,Solanezumab,3.699308655,1.439463472,[dimensionless],73.69930866
SUVR,Solanezumab,3.78302123,1.442967688,[dimensionless],73.78302123
SUVR,Solanezumab,3.866733805,1.446613584,[dimensionless],73.86673381
SUVR,Solanezumab,3.95044638,1.45025948,[dimensionless],73.95044638
SUVR,Solanezumab,0,1.398404255,[dimensionless],70
SUVR,Solanezumab,0.136363636,1.406020309,[dimensionless],70.13636364
SUVR,Solanezumab,0.254545455,1.406166989,[dimensionless],70.25454546
SUVR,Solanezumab,3.045454545,1.413354288,[dimensionless],73.04545455
SUVR,Crenezumab,0.042591181,1.404180457,[dimensionless],70.04259118
SUVR,Crenezumab,0.149134458,1.410546607,[dimensionless],70.14913446
SUVR,Crenezumab,0.248067501,1.417215007,[dimensionless],70.2480675
SUVR,Crenezumab,0.358415895,1.423274184,[dimensionless],70.3584159
SUVR,Crenezumab,0.4040773,1.423330856,[dimensionless],70.4040773
SUVR,Crenezumab,0.738927599,1.424596529,[dimensionless],70.7389276
SUVR,Crenezumab,0.822640174,1.425408827,[dimensionless],70.82264017
SUVR,Crenezumab,0.906352749,1.425087686,[dimensionless],70.90635275
SUVR,Crenezumab,0.990065324,1.424058146,[dimensionless],70.99006532
SUVR,Crenezumab,1.073777899,1.424162044,[dimensionless],71.0737779
SUVR,Crenezumab,1.157490474,1.424265943,[dimensionless],71.15749047
SUVR,Crenezumab,1.241203048,1.423094723,[dimensionless],71.24120305
SUVR,Crenezumab,1.324915623,1.423056941,[dimensionless],71.32491562
SUVR,Crenezumab,1.407782617,1.421632796,[dimensionless],71.40778262
SUVR,Crenezumab,1.492340773,1.42156458,[dimensionless],71.49234077
SUVR,Crenezumab,1.576053348,1.421243439,[dimensionless],71.57605335
SUVR,Crenezumab,1.659765923,1.420213898,[dimensionless],71.65976592
SUVR,Crenezumab,1.743478498,1.420317797,[dimensionless],71.7434785
SUVR,Crenezumab,1.827191072,1.420280015,[dimensionless],71.82719107
SUVR,Crenezumab,1.910903647,1.418967115,[dimensionless],71.91090365
SUVR,Crenezumab,1.994616222,1.419071014,[dimensionless],71.99461622
SUVR,Crenezumab,2.078328797,1.419174912,[dimensionless],72.0783288
SUVR,Crenezumab,2.162041372,1.418853771,[dimensionless],72.16204137
SUVR,Crenezumab,2.245753947,1.41881599,[dimensionless],72.24575395
SUVR,Crenezumab,2.325661404,1.418235102,[dimensionless],72.3256614
SUVR,Crenezumab,2.428399565,1.41649244,[dimensionless],72.42839957
SUVR,Crenezumab,2.512112139,1.416454658,[dimensionless],72.51211214
SUVR,Crenezumab,2.595824714,1.415708478,[dimensionless],72.59582471
SUVR,Crenezumab,2.679537289,1.415245657,[dimensionless],72.67953729
SUVR,Crenezumab,2.763249864,1.415349555,[dimensionless],72.76324986
SUVR,Crenezumab,2.846962439,1.415170094,[dimensionless],72.84696244
SUVR,Crenezumab,2.930675014,1.414282233,[dimensionless],72.93067501
SUVR,Crenezumab,3.014387588,1.414102772,[dimensionless],73.01438759
SUVR,Crenezumab,3.098100163,1.414206671,[dimensionless],73.09810016
SUVR,Crenezumab,3.181812738,1.414310569,[dimensionless],73.18181274
SUVR,Crenezumab,3.259606242,1.413714464,[dimensionless],73.25960624
SUVR,Crenezumab,3.379678824,1.41172255,[dimensionless],73.37967882
SUVR,Crenezumab,3.463391399,1.411543089,[dimensionless],73.4633914
SUVR,Crenezumab,3.547103974,1.411080268,[dimensionless],73.54710397
SUVR,Crenezumab,3.630816549,1.410334087,[dimensionless],73.63081655
SUVR,Crenezumab,3.714529124,1.410296306,[dimensionless],73.71452912
SUVR,Crenezumab,3.798241698,1.410400204,[dimensionless],73.7982417
SUVR,Crenezumab,3.881954273,1.409937383,[dimensionless],73.88195427
SUVR,Crenezumab,3.954251497,1.409424975,[dimensionless],73.9542515
SUVR,Crenezumab,0,1.398404255,[dimensionless],70
SUVR,Crenezumab,0.1,1.405975177,[dimensionless],70.1
SUVR,Crenezumab,0.309090909,1.421128304,[dimensionless],70.30909091
SUVR,Crenezumab,0.509090909,1.425099936,[dimensionless],70.50909091
SUVR,Crenezumab,0.663636364,1.425291747,[dimensionless],70.66363636
SUVR,Gantenerumab,0.19860098,1.376888188,[dimensionless],70.19860098
SUVR,Gantenerumab,0.282313555,1.362682418,[dimensionless],70.28231356
SUVR,Gantenerumab,0.36602613,1.348476647,[dimensionless],70.36602613
SUVR,Gantenerumab,0.449738704,1.334695917,[dimensionless],70.4497387
SUVR,Gantenerumab,0.533451279,1.321198546,[dimensionless],70.53345128
SUVR,Gantenerumab,0.617163854,1.307984535,[dimensionless],70.61716385
SUVR,Gantenerumab,0.700876429,1.295195563,[dimensionless],70.70087643
SUVR,Gantenerumab,0.784589004,1.282689952,[dimensionless],70.784589
SUVR,Gantenerumab,0.868301579,1.27075106,[dimensionless],70.86830158
SUVR,Gantenerumab,0.952014154,1.259095528,[dimensionless],70.95201415
SUVR,Gantenerumab,1.035726728,1.247865035,[dimensionless],71.03572673
SUVR,Gantenerumab,1.119439303,1.236776222,[dimensionless],71.1194393
SUVR,Gantenerumab,1.203151878,1.225829089,[dimensionless],71.20315188
SUVR,Gantenerumab,1.286864453,1.215448676,[dimensionless],71.28686445
SUVR,Gantenerumab,1.370577028,1.205493303,[dimensionless],71.37057703
SUVR,Gantenerumab,1.454289603,1.195679609,[dimensionless],71.4542896
SUVR,Gantenerumab,1.538002177,1.186715995,[dimensionless],71.53800218
SUVR,Gantenerumab,1.621714752,1.181294377,[dimensionless],71.62171475
SUVR,Gantenerumab,1.704666304,1.179484653,[dimensionless],71.7046663
SUVR,Gantenerumab,1.789139902,1.177251778,[dimensionless],71.7891399
SUVR,Gantenerumab,1.872852477,1.177072317,[dimensionless],71.87285248
SUVR,Gantenerumab,1.956565052,1.174484297,[dimensionless],71.95656505
SUVR,Gantenerumab,2.040277627,1.174446516,[dimensionless],72.04027763
SUVR,Gantenerumab,2.123990201,1.174550415,[dimensionless],72.1239902
SUVR,Gantenerumab,2.207702776,1.174654313,[dimensionless],72.20770278
SUVR,Gantenerumab,2.291415351,1.174758212,[dimensionless],72.29141535
SUVR,Gantenerumab,2.375127926,1.17486211,[dimensionless],72.37512793
SUVR,Gantenerumab,2.458840501,1.177232887,[dimensionless],72.4588405
SUVR,Gantenerumab,2.542553076,1.178186865,[dimensionless],72.54255308
SUVR,Gantenerumab,2.622460533,1.178753585,[dimensionless],72.62246053
SUVR,Gantenerumab,2.709978225,1.18136994,[dimensionless],72.70997823
SUVR,Gantenerumab,2.7936908,1.181615518,[dimensionless],72.7936908
SUVR,Gantenerumab,2.877403375,1.183844615,[dimensionless],72.87740338
SUVR,Gantenerumab,2.96111595,1.185223633,[dimensionless],72.96111595
SUVR,Gantenerumab,3.044828525,1.188019449,[dimensionless],73.04482853
SUVR,Gantenerumab,3.1285411,1.189540147,[dimensionless],73.1285411
SUVR,Gantenerumab,3.212253674,1.191627564,[dimensionless],73.21225367
SUVR,Gantenerumab,3.295966249,1.194281701,[dimensionless],73.29596625
SUVR,Gantenerumab,3.379678824,1.196369118,[dimensionless],73.37967882
SUVR,Gantenerumab,3.463391399,1.198598215,[dimensionless],73.4633914
SUVR,Gantenerumab,3.547103974,1.200968991,[dimensionless],73.54710397
SUVR,Gantenerumab,3.630816549,1.203623128,[dimensionless],73.63081655
SUVR,Gantenerumab,3.716220287,1.206310848,[dimensionless],73.71622029
SUVR,Gantenerumab,3.798241698,1.208789721,[dimensionless],73.7982417
SUVR,Gantenerumab,3.881954273,1.211302178,[dimensionless],73.88195427
SUVR,Gantenerumab,3.958056614,1.214403393,[dimensionless],73.95805661
SUVR,Gantenerumab,0.009090909,1.398415538,[dimensionless],70.00909091
SUVR,Gantenerumab,0.1,1.39108156,[dimensionless],70.1
SUVR,Bapineuzumab,0.176531301,1.389385299,[dimensionless],70.1765313
SUVR,Bapineuzumab,0.262526946,1.380297006,[dimensionless],70.26252695
SUVR,Bapineuzumab,0.343195427,1.370408694,[dimensionless],70.34319543
SUVR,Bapineuzumab,0.426908002,1.359886601,[dimensionless],70.426908
SUVR,Bapineuzumab,0.510620577,1.349747044,[dimensionless],70.51062058
SUVR,Bapineuzumab,0.594333152,1.340117534,[dimensionless],70.59433315
SUVR,Bapineuzumab,0.678045727,1.3305872,[dimensionless],70.67804573
SUVR,Bapineuzumab,0.761758302,1.321623586,[dimensionless],70.7617583
SUVR,Bapineuzumab,0.845470876,1.312801651,[dimensionless],70.84547088
SUVR,Bapineuzumab,0.929183451,1.304546436,[dimensionless],70.92918345
SUVR,Bapineuzumab,1.012896026,1.296574581,[dimensionless],71.01289603
SUVR,Bapineuzumab,1.096608601,1.288319366,[dimensionless],71.0966086
SUVR,Bapineuzumab,1.180321176,1.280489191,[dimensionless],71.18032118
SUVR,Bapineuzumab,1.264033751,1.272942375,[dimensionless],71.26403375
SUVR,Bapineuzumab,1.347746326,1.26539556,[dimensionless],71.34774633
SUVR,Bapineuzumab,1.4314589,1.258415464,[dimensionless],71.4314589
SUVR,Bapineuzumab,1.515171475,1.252143768,[dimensionless],71.51517148
SUVR,Bapineuzumab,1.597362003,1.246833605,[dimensionless],71.597362
SUVR,Bapineuzumab,1.684118672,1.24195415,[dimensionless],71.68411867
SUVR,Bapineuzumab,1.7663092,1.237437395,[dimensionless],71.7663092
SUVR,Bapineuzumab,1.848499728,1.234054079,[dimensionless],71.84849973
SUVR,Bapineuzumab,1.931197605,1.230935862,[dimensionless],71.93119761
SUVR,Bapineuzumab,2.017446924,1.228823258,[dimensionless],72.01744692
SUVR,Bapineuzumab,2.101159499,1.226518598,[dimensionless],72.1011595
SUVR,Bapineuzumab,2.184872074,1.225205698,[dimensionless],72.18487207
SUVR,Bapineuzumab,2.268584649,1.223467758,[dimensionless],72.26858465
SUVR,Bapineuzumab,2.352297224,1.223146617,[dimensionless],72.35229722
SUVR,Bapineuzumab,2.436009799,1.223250515,[dimensionless],72.4360098
SUVR,Bapineuzumab,2.519722373,1.223354414,[dimensionless],72.51972237
SUVR,Bapineuzumab,2.603434948,1.223458313,[dimensionless],72.60343495
SUVR,Bapineuzumab,2.687147523,1.223562211,[dimensionless],72.68714752
SUVR,Bapineuzumab,2.770860098,1.22366611,[dimensionless],72.7708601
SUVR,Bapineuzumab,2.854572673,1.223770008,[dimensionless],72.85457267
SUVR,Bapineuzumab,2.938285248,1.226282465,[dimensionless],72.93828525
SUVR,Bapineuzumab,3.021997823,1.227094763,[dimensionless],73.02199782
SUVR,Bapineuzumab,3.105710397,1.227340342,[dimensionless],73.1057104
SUVR,Bapineuzumab,3.189422972,1.229852798,[dimensionless],73.18942297
SUVR,Bapineuzumab,3.273135547,1.230523416,[dimensionless],73.27313555
SUVR,Bapineuzumab,3.354673769,1.231960455,[dimensionless],73.35467377
SUVR,Bapineuzumab,3.440560697,1.233848171,[dimensionless],73.4405607
SUVR,Bapineuzumab,3.535145035,1.236637241,[dimensionless],73.53514504
SUVR,Bapineuzumab,3.596570495,1.237158758,[dimensionless],73.5965705
SUVR,Bapineuzumab,3.691698421,1.240393782,[dimensionless],73.69169842
SUVR,Bapineuzumab,3.771183088,1.24118509,[dimensionless],73.77118309
SUVR,Bapineuzumab,3.855318454,1.243713814,[dimensionless],73.85531845
SUVR,Bapineuzumab,3.95044638,1.246948838,[dimensionless],73.95044638
SUVR,Bapineuzumab,0.009090909,1.398415538,[dimensionless],70.00909091
SUVR,Bapineuzumab,0.090909091,1.398517086,[dimensionless],70.09090909
SUVR,Bapineuzumab,0.136363636,1.394850097,[dimensionless],70.13636364
SUVR,Aducanemab,0.061616766,1.391169521,[dimensionless],70.06161677
SUVR,Aducanemab,0.170334396,1.374059987,[dimensionless],70.1703344
SUVR,Aducanemab,0.251872618,1.355418962,[dimensionless],70.25187262
SUVR,Aducanemab,0.335585193,1.337104475,[dimensionless],70.33558519
SUVR,Aducanemab,0.419297768,1.319073348,[dimensionless],70.41929777
SUVR,Aducanemab,0.503010343,1.302884059,[dimensionless],70.50301034
SUVR,Aducanemab,0.586722918,1.28655309,[dimensionless],70.58672292
SUVR,Aducanemab,0.670435493,1.271072201,[dimensionless],70.67043549
SUVR,Aducanemab,0.754148068,1.256158031,[dimensionless],70.75414807
SUVR,Aducanemab,0.837860642,1.242377301,[dimensionless],70.83786064
SUVR,Aducanemab,0.921573217,1.22902161,[dimensionless],70.92157322
SUVR,Aducanemab,1.005285792,1.216090958,[dimensionless],71.00528579
SUVR,Aducanemab,1.088998367,1.203585347,[dimensionless],71.08899837
SUVR,Aducanemab,1.172710942,1.191079735,[dimensionless],71.17271094
SUVR,Aducanemab,1.256423517,1.179707563,[dimensionless],71.25642352
SUVR,Aducanemab,1.340136091,1.16876043,[dimensionless],71.34013609
SUVR,Aducanemab,1.423848666,1.158380017,[dimensionless],71.42384867
SUVR,Aducanemab,1.507561241,1.148991363,[dimensionless],71.50756124
SUVR,Aducanemab,1.591273816,1.142577986,[dimensionless],71.59127382
SUVR,Aducanemab,1.674986391,1.138148128,[dimensionless],71.67498639
SUVR,Aducanemab,1.758698966,1.13442667,[dimensionless],71.75869897
SUVR,Aducanemab,1.842411541,1.131413611,[dimensionless],71.84241154
SUVR,Aducanemab,1.926124115,1.128967271,[dimensionless],71.92612412
SUVR,Aducanemab,2.00983669,1.126095892,[dimensionless],72.00983669
SUVR,Aducanemab,2.093549265,1.124074593,[dimensionless],72.09354927
SUVR,Aducanemab,2.17726184,1.123186732,[dimensionless],72.17726184
SUVR,Aducanemab,2.260974415,1.121165432,[dimensionless],72.26097442
SUVR,Aducanemab,2.34468699,1.120277572,[dimensionless],72.34468699
SUVR,Aducanemab,2.428399565,1.12038147,[dimensionless],72.42839957
SUVR,Aducanemab,2.512112139,1.120485369,[dimensionless],72.51211214
SUVR,Aducanemab,2.595824714,1.120589267,[dimensionless],72.59582471
SUVR,Aducanemab,2.679537289,1.120693166,[dimensionless],72.67953729
SUVR,Aducanemab,2.763249864,1.120797064,[dimensionless],72.76324986
SUVR,Aducanemab,2.816521502,1.120863182,[dimensionless],72.8165215
SUVR,Aducanemab,2.948178552,1.122740913,[dimensionless],72.94817855
SUVR,Aducanemab,3.029608057,1.123394529,[dimensionless],73.02960806
SUVR,Aducanemab,3.086684812,1.124315448,[dimensionless],73.08668481
SUVR,Aducanemab,3.20464344,1.127578809,[dimensionless],73.20464344
SUVR,Aducanemab,3.288356015,1.127682707,[dimensionless],73.28835602
SUVR,Aducanemab,3.37206859,1.129345084,[dimensionless],73.37206859
SUVR,Aducanemab,3.454829886,1.130811471,[dimensionless],73.45482989
SUVR,Aducanemab,3.53949374,1.132669839,[dimensionless],73.53949374
SUVR,Aducanemab,3.623206315,1.134332217,[dimensionless],73.62320632
SUVR,Aducanemab,3.706918889,1.136844673,[dimensionless],73.70691889
SUVR,Aducanemab,3.790631464,1.13893209,[dimensionless],73.79063146
SUVR,Aducanemab,3.874344039,1.141586227,[dimensionless],73.87434404
SUVR,Aducanemab,3.958056614,1.143673644,[dimensionless],73.95805661
SUVR,Aducanemab,0.009090909,1.398415538,[dimensionless],70.00909091
SUVR,Placebo,0,1.394680851,[dimensionless],70
SUVR,Placebo,0.172727273,1.406065442,[dimensionless],70.17272727
SUVR,Placebo,0.581818182,1.4251902,[dimensionless],70.58181818
SUVR,Placebo,1.109090909,1.45563185,[dimensionless],71.10909091
SUVR,Placebo,1.854545455,1.497514507,[dimensionless],71.85454546
SUVR,Placebo,2.690909091,1.546956802,[dimensionless],72.69090909
SUVR,Placebo,3.472727273,1.592607995,[dimensionless],73.47272727
SUVR,Placebo,3.981818182,1.623027079,[dimensionless],73.98181818
