observation,series,Time (h),Conc (nM),time,measurement
concentration,sim15mgkg,0.576002579,2313.508373,70.00006575,2313.508373
concentration,sim15mgkg,9.836065574,2032.097373,70.00112284,2032.097373
concentration,sim15mgkg,19.67213115,1764.853665,70.00224568,1764.853665
concentration,sim15mgkg,26.2295082,1644.906572,70.00299424,1644.906572
concentration,sim15mgkg,31.20272315,1523.46899,70.00356195,1523.46899
concentration,sim15mgkg,40.73745691,1365.932002,70.00465039,1365.932002
concentration,sim15mgkg,50.27219067,1246.778541,70.00573883,1246.778541
concentration,sim15mgkg,59.80692443,1144.821603,70.00682727,1144.821603
concentration,sim15mgkg,69.34165819,1064.713063,70.00791571,1064.713063
concentration,sim15mgkg,78.87639195,996.9775052,70.00900415,996.9775052
concentration,sim15mgkg,88.41112572,939.9313746,70.01009259,939.9313746
concentration,sim15mgkg,97.68582128,895.766411,70.01115135,895.766411
concentration,sim15mgkg,107.4805932,851.9654829,70.01226947,851.9654829
concentration,sim15mgkg,117.015327,814.2332013,70.01335791,814.2332013
concentration,sim15mgkg,126.0685086,784.5760741,70.01439138,784.5760741
concentration,sim15mgkg,136.0847945,751.9850191,70.01553479,751.9850191
concentration,sim15mgkg,146.1010805,724.4390045,70.01667821,724.4390045
concentration,sim15mgkg,155.154262,701.6274723,70.01771167,701.6274723
concentration,sim15mgkg,164.6889958,676.862817,70.01880011,676.862817
concentration,sim15mgkg,174.2237296,654.642177,70.01988855,654.642177
concentration,sim15mgkg,183.7584633,635.3109091,70.02097699,635.3109091
concentration,sim15mgkg,193.0331589,617.7476046,70.02203575,617.7476046
concentration,sim15mgkg,202.8279309,594.7887078,70.02315387,594.7887078
concentration,sim15mgkg,212.3626646,579.687321,70.02424231,579.687321
concentration,sim15mgkg,221.8973984,559.7029866,70.02533075,559.7029866
concentration,sim15mgkg,230.757959,546.2925815,70.02634223,546.2925815
concentration,sim15mgkg,240.9668659,527.1355247,70.02750763,527.1355247
concentration,sim15mgkg,246.6010268,519.9897081,70.0281508,519.9897081
concentration,sim15mgkg,272.1714491,71.32264188,70.0310698,71.32264188
concentration,sim15mgkg,471.5340641,254.452981,70.05382809,254.452981
concentration,sim15mgkg,490.9502492,240.9145362,70.05604455,240.9145362
concentration,sim15mgkg,499.7048684,234.3854163,70.05704393,234.3854163
concentration,sim15mgkg,510.5397932,226.229658,70.0582808,226.229658
concentration,sim15mgkg,520.0745269,220.2981624,70.05936924,220.2981624
concentration,sim15mgkg,529.9559783,212.4915497,70.06049726,212.4915497
concentration,sim15mgkg,538.7105975,207.7030513,70.06149664,207.7030513
concentration,sim15mgkg,550.4123162,200.1810431,70.06283246,200.1810431
concentration,sim15mgkg,559.0802559,194.6625662,70.06382195,194.6625662
concentration,sim15mgkg,569.4817837,187.8921361,70.06500934,187.8921361
concentration,sim15mgkg,578.5831205,183.7250547,70.0660483,183.7250547
concentration,sim15mgkg,589.4180452,176.6690333,70.06728516,176.6690333
concentration,sim15mgkg,598.519382,171.6659079,70.06832413,171.6659079
concentration,sim15mgkg,609.3543067,166.2577936,70.06956099,166.2577936
concentration,sim15mgkg,618.0222465,162.2567158,70.07055048,162.2567158
concentration,sim15mgkg,629.2905682,155.9281721,70.07183682,155.9281721
concentration,sim15mgkg,638.825302,151.839905,70.07292526,151.839905
concentration,sim15mgkg,657.0279755,142.8608004,70.07500319,142.8608004
concentration,sim15mgkg,666.1293123,139.0648229,70.07604216,139.0648229
concentration,sim10mgkg,0,1641.852634,70,1641.852634
concentration,sim10mgkg,11.47540984,1328.555101,70.00130998,1328.555101
concentration,sim10mgkg,22.95081967,1113.806079,70.00261996,1113.806079
concentration,sim10mgkg,30.59596736,1017.369921,70.00349269,1017.369921
concentration,sim10mgkg,40.56409811,914.9951561,70.0046306,914.9951561
concentration,sim10mgkg,51.23529509,824.677538,70.00584878,824.677538
concentration,sim10mgkg,60.05457985,761.9939164,70.00685555,761.9939164
concentration,sim10mgkg,71.40029389,699.5579072,70.00815072,699.5579072
concentration,sim10mgkg,80.32104859,657.2901163,70.00916907,657.2901163
concentration,sim10mgkg,90.14471367,619.4002291,70.01029049,619.4002291
concentration,sim10mgkg,99.50608864,589.9983607,70.01135914,589.9983607
concentration,sim10mgkg,108.8674636,563.9092953,70.01242779,563.9092953
concentration,sim10mgkg,118.4888768,539.4887956,70.01352613,539.4887956
concentration,sim10mgkg,127.5406825,516.6577036,70.01455944,516.6577036
concentration,sim10mgkg,140.5425921,495.4613264,70.01604367,495.4613264
concentration,sim10mgkg,150.7239817,474.4750163,70.01720593,474.4750163
concentration,sim10mgkg,160.6800737,454.3872593,70.01834247,454.3872593
concentration,sim10mgkg,169.8897597,440.6402713,70.01939381,440.6402713
concentration,sim10mgkg,181.1580814,424.2718283,70.02068015,424.2718283
concentration,sim10mgkg,190.6928152,413.4997796,70.02176859,413.4997796
concentration,sim10mgkg,200.2275489,401.973215,70.02285703,401.973215
concentration,sim10mgkg,209.7622827,379.8448397,70.02394547,379.8448397
concentration,sim10mgkg,219.2970164,368.4085794,70.02503391,368.4085794
concentration,sim10mgkg,228.8317502,364.2894499,70.02612235,364.2894499
concentration,sim10mgkg,237.8247377,353.9703474,70.02714894,353.9703474
concentration,sim10mgkg,469.2803998,168.2002952,70.05357082,168.2002952
concentration,sim10mgkg,480.3278689,163.9565902,70.05483195,163.9565902
concentration,sim10mgkg,490.1639344,158.3605168,70.05595479,158.3605168
concentration,sim10mgkg,497.5378835,158.0716343,70.05679656,158.0716343
concentration,sim10mgkg,507.245976,152.0016472,70.05790479,152.0016472
concentration,sim10mgkg,516.607351,146.7347014,70.05897344,146.7347014
concentration,sim10mgkg,528.2609145,142.7467934,70.06030376,142.7467934
concentration,sim10mgkg,540.8775824,137.5138913,70.06174402,137.5138913
concentration,sim10mgkg,552.1459041,132.5635827,70.06303035,132.5635827
concentration,sim10mgkg,563.0891781,127.4896935,70.06427959,127.4896935
concentration,sim10mgkg,572.9489596,123.6225386,70.06540513,123.6225386
concentration,sim10mgkg,582.5800038,119.3163913,70.06650457,119.3163913
concentration,sim10mgkg,592.0184271,116.4293086,70.06758201,116.4293086
concentration,sim10mgkg,601.5531609,113.2801728,70.06867045,113.2801728
concentration,sim10mgkg,611.0878946,110.1224172,70.06975889,110.1224172
concentration,sim10mgkg,620.4492696,106.9420569,70.07082754,106.9420569
concentration,sim10mgkg,630.1573622,103.362116,70.07193577,103.362116
concentration,sim10mgkg,639.6920959,100.7378037,70.07302421,100.7378037
concentration,sim10mgkg,648.5526566,97.35233936,70.07403569,97.35233936
concentration,sim10mgkg,658.3281665,95.115886,70.07515162,95.115886
